Date,Year,Quater,Start of cur. Quarter,Start of nx. Quarter,Sart of pre. Quarter,End of cur. Quarter,End of nx. Quarter,End of pre. Quarter,Month Num,Month Name abbv.,Month Name Full,Month Year abbv,Month Year Full,Start of cur. Month,Start of nx. Month,Start of pre. Month,End of cur. Month,End of nx. Month,End of pre. Month,Week Num,WeekDay Num,WeekDay Name abbv.,WeekDay Name Full,Day,Day Year,Date Diff Year,Date Diff Month,Date Diff Days,Date Add Days,Days Add Weeks,Date Add Months,Date Add Years,Date Add Bus.Days
2025-01-01,2025,1,2025-01-01,2025-04-01,2024-10-01,2025-03-31,2025-06-30,2024-12-31,1,Jan,January,Jan-2025,January-2025,2025-01-01,2025-02-01,2024-12-01,2025-01-31,2025-02-28,2024-12-31,1,2,Wed,Wednesday,1,1,0,10,308,2025-01-11,2025-04-16,2025-03-01,2029-01-01,2025-01-07
2025-01-02,2025,1,2025-01-01,2025-04-01,2024-10-01,2025-03-31,2025-06-30,2024-12-31,1,Jan,January,Jan-2025,January-2025,2025-01-01,2025-02-01,2024-12-01,2025-01-31,2025-02-28,2024-12-31,1,3,Thu,Thursday,2,2,0,10,307,2025-01-12,2025-04-17,2025-03-02,2029-01-02,2025-01-08
2025-01-03,2025,1,2025-01-01,2025-04-01,2024-10-01,2025-03-31,2025-06-30,2024-12-31,1,Jan,January,Jan-2025,January-2025,2025-01-01,2025-02-01,2024-12-01,2025-01-31,2025-02-28,2024-12-31,1,4,Fri,Friday,3,3,0,10,306,2025-01-13,2025-04-18,2025-03-03,2029-01-03,2025-01-09
2025-01-04,2025,1,2025-01-01,2025-04-01,2024-10-01,2025-03-31,2025-06-30,2024-12-31,1,Jan,January,Jan-2025,January-2025,2025-01-01,2025-02-01,2024-12-01,2025-01-31,2025-02-28,2024-12-31,1,5,Sat,Saturday,4,4,0,10,305,2025-01-14,2025-04-19,2025-03-04,2029-01-04,2025-01-09
2025-01-05,2025,1,2025-01-01,2025-04-01,2024-10-01,2025-03-31,2025-06-30,2024-12-31,1,Jan,January,Jan-2025,January-2025,2025-01-01,2025-02-01,2024-12-01,2025-01-31,2025-02-28,2024-12-31,1,6,Sun,Sunday,5,5,0,10,304,2025-01-15,2025-04-20,2025-03-05,2029-01-05,2025-01-09
2025-01-06,2025,1,2025-01-01,2025-04-01,2024-10-01,2025-03-31,2025-06-30,2024-12-31,1,Jan,January,Jan-2025,January-2025,2025-01-01,2025-02-01,2024-12-01,2025-01-31,2025-02-28,2024-12-31,2,0,Mon,Monday,6,6,0,10,303,2025-01-16,2025-04-21,2025-03-06,2029-01-06,2025-01-10
2025-01-07,2025,1,2025-01-01,2025-04-01,2024-10-01,2025-03-31,2025-06-30,2024-12-31,1,Jan,January,Jan-2025,January-2025,2025-01-01,2025-02-01,2024-12-01,2025-01-31,2025-02-28,2024-12-31,2,1,Tue,Tuesday,7,7,0,10,302,2025-01-17,2025-04-22,2025-03-07,2029-01-07,2025-01-13
2025-01-08,2025,1,2025-01-01,2025-04-01,2024-10-01,2025-03-31,2025-06-30,2024-12-31,1,Jan,January,Jan-2025,January-2025,2025-01-01,2025-02-01,2024-12-01,2025-01-31,2025-02-28,2024-12-31,2,2,Wed,Wednesday,8,8,0,10,301,2025-01-18,2025-04-23,2025-03-08,2029-01-08,2025-01-14
2025-01-09,2025,1,2025-01-01,2025-04-01,2024-10-01,2025-03-31,2025-06-30,2024-12-31,1,Jan,January,Jan-2025,January-2025,2025-01-01,2025-02-01,2024-12-01,2025-01-31,2025-02-28,2024-12-31,2,3,Thu,Thursday,9,9,0,10,300,2025-01-19,2025-04-24,2025-03-09,2029-01-09,2025-01-15
2025-01-10,2025,1,2025-01-01,2025-04-01,2024-10-01,2025-03-31,2025-06-30,2024-12-31,1,Jan,January,Jan-2025,January-2025,2025-01-01,2025-02-01,2024-12-01,2025-01-31,2025-02-28,2024-12-31,2,4,Fri,Friday,10,10,0,9,299,2025-01-20,2025-04-25,2025-03-10,2029-01-10,2025-01-16
2025-01-11,2025,1,2025-01-01,2025-04-01,2024-10-01,2025-03-31,2025-06-30,2024-12-31,1,Jan,January,Jan-2025,January-2025,2025-01-01,2025-02-01,2024-12-01,2025-01-31,2025-02-28,2024-12-31,2,5,Sat,Saturday,11,11,0,9,298,2025-01-21,2025-04-26,2025-03-11,2029-01-11,2025-01-16
2025-01-12,2025,1,2025-01-01,2025-04-01,2024-10-01,2025-03-31,2025-06-30,2024-12-31,1,Jan,January,Jan-2025,January-2025,2025-01-01,2025-02-01,2024-12-01,2025-01-31,2025-02-28,2024-12-31,2,6,Sun,Sunday,12,12,0,9,297,2025-01-22,2025-04-27,2025-03-12,2029-01-12,2025-01-16
2025-01-13,2025,1,2025-01-01,2025-04-01,2024-10-01,2025-03-31,2025-06-30,2024-12-31,1,Jan,January,Jan-2025,January-2025,2025-01-01,2025-02-01,2024-12-01,2025-01-31,2025-02-28,2024-12-31,3,0,Mon,Monday,13,13,0,9,296,2025-01-23,2025-04-28,2025-03-13,2029-01-13,2025-01-17
2025-01-14,2025,1,2025-01-01,2025-04-01,2024-10-01,2025-03-31,2025-06-30,2024-12-31,1,Jan,January,Jan-2025,January-2025,2025-01-01,2025-02-01,2024-12-01,2025-01-31,2025-02-28,2024-12-31,3,1,Tue,Tuesday,14,14,0,9,295,2025-01-24,2025-04-29,2025-03-14,2029-01-14,2025-01-20
2025-01-15,2025,1,2025-01-01,2025-04-01,2024-10-01,2025-03-31,2025-06-30,2024-12-31,1,Jan,January,Jan-2025,January-2025,2025-01-01,2025-02-01,2024-12-01,2025-01-31,2025-02-28,2024-12-31,3,2,Wed,Wednesday,15,15,0,9,294,2025-01-25,2025-04-30,2025-03-15,2029-01-15,2025-01-21
2025-01-16,2025,1,2025-01-01,2025-04-01,2024-10-01,2025-03-31,2025-06-30,2024-12-31,1,Jan,January,Jan-2025,January-2025,2025-01-01,2025-02-01,2024-12-01,2025-01-31,2025-02-28,2024-12-31,3,3,Thu,Thursday,16,16,0,9,293,2025-01-26,2025-05-01,2025-03-16,2029-01-16,2025-01-22
2025-01-17,2025,1,2025-01-01,2025-04-01,2024-10-01,2025-03-31,2025-06-30,2024-12-31,1,Jan,January,Jan-2025,January-2025,2025-01-01,2025-02-01,2024-12-01,2025-01-31,2025-02-28,2024-12-31,3,4,Fri,Friday,17,17,0,9,292,2025-01-27,2025-05-02,2025-03-17,2029-01-17,2025-01-23
2025-01-18,2025,1,2025-01-01,2025-04-01,2024-10-01,2025-03-31,2025-06-30,2024-12-31,1,Jan,January,Jan-2025,January-2025,2025-01-01,2025-02-01,2024-12-01,2025-01-31,2025-02-28,2024-12-31,3,5,Sat,Saturday,18,18,0,9,291,2025-01-28,2025-05-03,2025-03-18,2029-01-18,2025-01-23
2025-01-19,2025,1,2025-01-01,2025-04-01,2024-10-01,2025-03-31,2025-06-30,2024-12-31,1,Jan,January,Jan-2025,January-2025,2025-01-01,2025-02-01,2024-12-01,2025-01-31,2025-02-28,2024-12-31,3,6,Sun,Sunday,19,19,0,9,290,2025-01-29,2025-05-04,2025-03-19,2029-01-19,2025-01-23
2025-01-20,2025,1,2025-01-01,2025-04-01,2024-10-01,2025-03-31,2025-06-30,2024-12-31,1,Jan,January,Jan-2025,January-2025,2025-01-01,2025-02-01,2024-12-01,2025-01-31,2025-02-28,2024-12-31,4,0,Mon,Monday,20,20,0,9,289,2025-01-30,2025-05-05,2025-03-20,2029-01-20,2025-01-24
2025-01-21,2025,1,2025-01-01,2025-04-01,2024-10-01,2025-03-31,2025-06-30,2024-12-31,1,Jan,January,Jan-2025,January-2025,2025-01-01,2025-02-01,2024-12-01,2025-01-31,2025-02-28,2024-12-31,4,1,Tue,Tuesday,21,21,0,9,288,2025-01-31,2025-05-06,2025-03-21,2029-01-21,2025-01-27
2025-01-22,2025,1,2025-01-01,2025-04-01,2024-10-01,2025-03-31,2025-06-30,2024-12-31,1,Jan,January,Jan-2025,January-2025,2025-01-01,2025-02-01,2024-12-01,2025-01-31,2025-02-28,2024-12-31,4,2,Wed,Wednesday,22,22,0,9,287,2025-02-01,2025-05-07,2025-03-22,2029-01-22,2025-01-28
2025-01-23,2025,1,2025-01-01,2025-04-01,2024-10-01,2025-03-31,2025-06-30,2024-12-31,1,Jan,January,Jan-2025,January-2025,2025-01-01,2025-02-01,2024-12-01,2025-01-31,2025-02-28,2024-12-31,4,3,Thu,Thursday,23,23,0,9,286,2025-02-02,2025-05-08,2025-03-23,2029-01-23,2025-01-29
2025-01-24,2025,1,2025-01-01,2025-04-01,2024-10-01,2025-03-31,2025-06-30,2024-12-31,1,Jan,January,Jan-2025,January-2025,2025-01-01,2025-02-01,2024-12-01,2025-01-31,2025-02-28,2024-12-31,4,4,Fri,Friday,24,24,0,9,285,2025-02-03,2025-05-09,2025-03-24,2029-01-24,2025-01-30
2025-01-25,2025,1,2025-01-01,2025-04-01,2024-10-01,2025-03-31,2025-06-30,2024-12-31,1,Jan,January,Jan-2025,January-2025,2025-01-01,2025-02-01,2024-12-01,2025-01-31,2025-02-28,2024-12-31,4,5,Sat,Saturday,25,25,0,9,284,2025-02-04,2025-05-10,2025-03-25,2029-01-25,2025-01-30
2025-01-26,2025,1,2025-01-01,2025-04-01,2024-10-01,2025-03-31,2025-06-30,2024-12-31,1,Jan,January,Jan-2025,January-2025,2025-01-01,2025-02-01,2024-12-01,2025-01-31,2025-02-28,2024-12-31,4,6,Sun,Sunday,26,26,0,9,283,2025-02-05,2025-05-11,2025-03-26,2029-01-26,2025-01-30
2025-01-27,2025,1,2025-01-01,2025-04-01,2024-10-01,2025-03-31,2025-06-30,2024-12-31,1,Jan,January,Jan-2025,January-2025,2025-01-01,2025-02-01,2024-12-01,2025-01-31,2025-02-28,2024-12-31,5,0,Mon,Monday,27,27,0,9,282,2025-02-06,2025-05-12,2025-03-27,2029-01-27,2025-01-31
2025-01-28,2025,1,2025-01-01,2025-04-01,2024-10-01,2025-03-31,2025-06-30,2024-12-31,1,Jan,January,Jan-2025,January-2025,2025-01-01,2025-02-01,2024-12-01,2025-01-31,2025-02-28,2024-12-31,5,1,Tue,Tuesday,28,28,0,9,281,2025-02-07,2025-05-13,2025-03-28,2029-01-28,2025-02-03
2025-01-29,2025,1,2025-01-01,2025-04-01,2024-10-01,2025-03-31,2025-06-30,2024-12-31,1,Jan,January,Jan-2025,January-2025,2025-01-01,2025-02-01,2024-12-01,2025-01-31,2025-02-28,2024-12-31,5,2,Wed,Wednesday,29,29,0,9,280,2025-02-08,2025-05-14,2025-03-29,2029-01-29,2025-02-04
2025-01-30,2025,1,2025-01-01,2025-04-01,2024-10-01,2025-03-31,2025-06-30,2024-12-31,1,Jan,January,Jan-2025,January-2025,2025-01-01,2025-02-01,2024-12-01,2025-01-31,2025-02-28,2024-12-31,5,3,Thu,Thursday,30,30,0,9,279,2025-02-09,2025-05-15,2025-03-30,2029-01-30,2025-02-05
2025-01-31,2025,1,2025-01-01,2025-04-01,2024-10-01,2025-03-31,2025-06-30,2024-12-31,1,Jan,January,Jan-2025,January-2025,2025-01-01,2025-02-01,2024-12-01,2025-01-31,2025-02-28,2024-12-31,5,4,Fri,Friday,31,31,0,9,278,2025-02-10,2025-05-16,2025-03-31,2029-01-31,2025-02-06
2025-02-01,2025,1,2025-01-01,2025-04-01,2024-10-01,2025-03-31,2025-06-30,2024-12-31,2,Feb,February,Feb-2025,February-2025,2025-02-01,2025-03-01,2025-01-01,2025-02-28,2025-03-31,2025-01-31,5,5,Sat,Saturday,1,32,0,9,277,2025-02-11,2025-05-17,2025-04-01,2029-02-01,2025-02-06
2025-02-02,2025,1,2025-01-01,2025-04-01,2024-10-01,2025-03-31,2025-06-30,2024-12-31,2,Feb,February,Feb-2025,February-2025,2025-02-01,2025-03-01,2025-01-01,2025-02-28,2025-03-31,2025-01-31,5,6,Sun,Sunday,2,33,0,9,276,2025-02-12,2025-05-18,2025-04-02,2029-02-02,2025-02-06
2025-02-03,2025,1,2025-01-01,2025-04-01,2024-10-01,2025-03-31,2025-06-30,2024-12-31,2,Feb,February,Feb-2025,February-2025,2025-02-01,2025-03-01,2025-01-01,2025-02-28,2025-03-31,2025-01-31,6,0,Mon,Monday,3,34,0,9,275,2025-02-13,2025-05-19,2025-04-03,2029-02-03,2025-02-07
2025-02-04,2025,1,2025-01-01,2025-04-01,2024-10-01,2025-03-31,2025-06-30,2024-12-31,2,Feb,February,Feb-2025,February-2025,2025-02-01,2025-03-01,2025-01-01,2025-02-28,2025-03-31,2025-01-31,6,1,Tue,Tuesday,4,35,0,9,274,2025-02-14,2025-05-20,2025-04-04,2029-02-04,2025-02-10
2025-02-05,2025,1,2025-01-01,2025-04-01,2024-10-01,2025-03-31,2025-06-30,2024-12-31,2,Feb,February,Feb-2025,February-2025,2025-02-01,2025-03-01,2025-01-01,2025-02-28,2025-03-31,2025-01-31,6,2,Wed,Wednesday,5,36,0,9,273,2025-02-15,2025-05-21,2025-04-05,2029-02-05,2025-02-11
2025-02-06,2025,1,2025-01-01,2025-04-01,2024-10-01,2025-03-31,2025-06-30,2024-12-31,2,Feb,February,Feb-2025,February-2025,2025-02-01,2025-03-01,2025-01-01,2025-02-28,2025-03-31,2025-01-31,6,3,Thu,Thursday,6,37,0,9,272,2025-02-16,2025-05-22,2025-04-06,2029-02-06,2025-02-12
2025-02-07,2025,1,2025-01-01,2025-04-01,2024-10-01,2025-03-31,2025-06-30,2024-12-31,2,Feb,February,Feb-2025,February-2025,2025-02-01,2025-03-01,2025-01-01,2025-02-28,2025-03-31,2025-01-31,6,4,Fri,Friday,7,38,0,9,271,2025-02-17,2025-05-23,2025-04-07,2029-02-07,2025-02-13
2025-02-08,2025,1,2025-01-01,2025-04-01,2024-10-01,2025-03-31,2025-06-30,2024-12-31,2,Feb,February,Feb-2025,February-2025,2025-02-01,2025-03-01,2025-01-01,2025-02-28,2025-03-31,2025-01-31,6,5,Sat,Saturday,8,39,0,9,270,2025-02-18,2025-05-24,2025-04-08,2029-02-08,2025-02-13
2025-02-09,2025,1,2025-01-01,2025-04-01,2024-10-01,2025-03-31,2025-06-30,2024-12-31,2,Feb,February,Feb-2025,February-2025,2025-02-01,2025-03-01,2025-01-01,2025-02-28,2025-03-31,2025-01-31,6,6,Sun,Sunday,9,40,0,8,269,2025-02-19,2025-05-25,2025-04-09,2029-02-09,2025-02-13
2025-02-10,2025,1,2025-01-01,2025-04-01,2024-10-01,2025-03-31,2025-06-30,2024-12-31,2,Feb,February,Feb-2025,February-2025,2025-02-01,2025-03-01,2025-01-01,2025-02-28,2025-03-31,2025-01-31,7,0,Mon,Monday,10,41,0,8,268,2025-02-20,2025-05-26,2025-04-10,2029-02-10,2025-02-14
2025-02-11,2025,1,2025-01-01,2025-04-01,2024-10-01,2025-03-31,2025-06-30,2024-12-31,2,Feb,February,Feb-2025,February-2025,2025-02-01,2025-03-01,2025-01-01,2025-02-28,2025-03-31,2025-01-31,7,1,Tue,Tuesday,11,42,0,8,267,2025-02-21,2025-05-27,2025-04-11,2029-02-11,2025-02-17
2025-02-12,2025,1,2025-01-01,2025-04-01,2024-10-01,2025-03-31,2025-06-30,2024-12-31,2,Feb,February,Feb-2025,February-2025,2025-02-01,2025-03-01,2025-01-01,2025-02-28,2025-03-31,2025-01-31,7,2,Wed,Wednesday,12,43,0,8,266,2025-02-22,2025-05-28,2025-04-12,2029-02-12,2025-02-18
2025-02-13,2025,1,2025-01-01,2025-04-01,2024-10-01,2025-03-31,2025-06-30,2024-12-31,2,Feb,February,Feb-2025,February-2025,2025-02-01,2025-03-01,2025-01-01,2025-02-28,2025-03-31,2025-01-31,7,3,Thu,Thursday,13,44,0,8,265,2025-02-23,2025-05-29,2025-04-13,2029-02-13,2025-02-19
2025-02-14,2025,1,2025-01-01,2025-04-01,2024-10-01,2025-03-31,2025-06-30,2024-12-31,2,Feb,February,Feb-2025,February-2025,2025-02-01,2025-03-01,2025-01-01,2025-02-28,2025-03-31,2025-01-31,7,4,Fri,Friday,14,45,0,8,264,2025-02-24,2025-05-30,2025-04-14,2029-02-14,2025-02-20
2025-02-15,2025,1,2025-01-01,2025-04-01,2024-10-01,2025-03-31,2025-06-30,2024-12-31,2,Feb,February,Feb-2025,February-2025,2025-02-01,2025-03-01,2025-01-01,2025-02-28,2025-03-31,2025-01-31,7,5,Sat,Saturday,15,46,0,8,263,2025-02-25,2025-05-31,2025-04-15,2029-02-15,2025-02-20
2025-02-16,2025,1,2025-01-01,2025-04-01,2024-10-01,2025-03-31,2025-06-30,2024-12-31,2,Feb,February,Feb-2025,February-2025,2025-02-01,2025-03-01,2025-01-01,2025-02-28,2025-03-31,2025-01-31,7,6,Sun,Sunday,16,47,0,8,262,2025-02-26,2025-06-01,2025-04-16,2029-02-16,2025-02-20
2025-02-17,2025,1,2025-01-01,2025-04-01,2024-10-01,2025-03-31,2025-06-30,2024-12-31,2,Feb,February,Feb-2025,February-2025,2025-02-01,2025-03-01,2025-01-01,2025-02-28,2025-03-31,2025-01-31,8,0,Mon,Monday,17,48,0,8,261,2025-02-27,2025-06-02,2025-04-17,2029-02-17,2025-02-21
2025-02-18,2025,1,2025-01-01,2025-04-01,2024-10-01,2025-03-31,2025-06-30,2024-12-31,2,Feb,February,Feb-2025,February-2025,2025-02-01,2025-03-01,2025-01-01,2025-02-28,2025-03-31,2025-01-31,8,1,Tue,Tuesday,18,49,0,8,260,2025-02-28,2025-06-03,2025-04-18,2029-02-18,2025-02-24
2025-02-19,2025,1,2025-01-01,2025-04-01,2024-10-01,2025-03-31,2025-06-30,2024-12-31,2,Feb,February,Feb-2025,February-2025,2025-02-01,2025-03-01,2025-01-01,2025-02-28,2025-03-31,2025-01-31,8,2,Wed,Wednesday,19,50,0,8,259,2025-03-01,2025-06-04,2025-04-19,2029-02-19,2025-02-25
2025-02-20,2025,1,2025-01-01,2025-04-01,2024-10-01,2025-03-31,2025-06-30,2024-12-31,2,Feb,February,Feb-2025,February-2025,2025-02-01,2025-03-01,2025-01-01,2025-02-28,2025-03-31,2025-01-31,8,3,Thu,Thursday,20,51,0,8,258,2025-03-02,2025-06-05,2025-04-20,2029-02-20,2025-02-26
2025-02-21,2025,1,2025-01-01,2025-04-01,2024-10-01,2025-03-31,2025-06-30,2024-12-31,2,Feb,February,Feb-2025,February-2025,2025-02-01,2025-03-01,2025-01-01,2025-02-28,2025-03-31,2025-01-31,8,4,Fri,Friday,21,52,0,8,257,2025-03-03,2025-06-06,2025-04-21,2029-02-21,2025-02-27
2025-02-22,2025,1,2025-01-01,2025-04-01,2024-10-01,2025-03-31,2025-06-30,2024-12-31,2,Feb,February,Feb-2025,February-2025,2025-02-01,2025-03-01,2025-01-01,2025-02-28,2025-03-31,2025-01-31,8,5,Sat,Saturday,22,53,0,8,256,2025-03-04,2025-06-07,2025-04-22,2029-02-22,2025-02-27
2025-02-23,2025,1,2025-01-01,2025-04-01,2024-10-01,2025-03-31,2025-06-30,2024-12-31,2,Feb,February,Feb-2025,February-2025,2025-02-01,2025-03-01,2025-01-01,2025-02-28,2025-03-31,2025-01-31,8,6,Sun,Sunday,23,54,0,8,255,2025-03-05,2025-06-08,2025-04-23,2029-02-23,2025-02-27
2025-02-24,2025,1,2025-01-01,2025-04-01,2024-10-01,2025-03-31,2025-06-30,2024-12-31,2,Feb,February,Feb-2025,February-2025,2025-02-01,2025-03-01,2025-01-01,2025-02-28,2025-03-31,2025-01-31,9,0,Mon,Monday,24,55,0,8,254,2025-03-06,2025-06-09,2025-04-24,2029-02-24,2025-02-28
2025-02-25,2025,1,2025-01-01,2025-04-01,2024-10-01,2025-03-31,2025-06-30,2024-12-31,2,Feb,February,Feb-2025,February-2025,2025-02-01,2025-03-01,2025-01-01,2025-02-28,2025-03-31,2025-01-31,9,1,Tue,Tuesday,25,56,0,8,253,2025-03-07,2025-06-10,2025-04-25,2029-02-25,2025-03-03
2025-02-26,2025,1,2025-01-01,2025-04-01,2024-10-01,2025-03-31,2025-06-30,2024-12-31,2,Feb,February,Feb-2025,February-2025,2025-02-01,2025-03-01,2025-01-01,2025-02-28,2025-03-31,2025-01-31,9,2,Wed,Wednesday,26,57,0,8,252,2025-03-08,2025-06-11,2025-04-26,2029-02-26,2025-03-04
2025-02-27,2025,1,2025-01-01,2025-04-01,2024-10-01,2025-03-31,2025-06-30,2024-12-31,2,Feb,February,Feb-2025,February-2025,2025-02-01,2025-03-01,2025-01-01,2025-02-28,2025-03-31,2025-01-31,9,3,Thu,Thursday,27,58,0,8,251,2025-03-09,2025-06-12,2025-04-27,2029-02-27,2025-03-05
2025-02-28,2025,1,2025-01-01,2025-04-01,2024-10-01,2025-03-31,2025-06-30,2024-12-31,2,Feb,February,Feb-2025,February-2025,2025-02-01,2025-03-01,2025-01-01,2025-02-28,2025-03-31,2025-01-31,9,4,Fri,Friday,28,59,0,8,250,2025-03-10,2025-06-13,2025-04-28,2029-02-28,2025-03-06
2025-03-01,2025,1,2025-01-01,2025-04-01,2024-10-01,2025-03-31,2025-06-30,2024-12-31,3,Mar,March,Mar-2025,March-2025,2025-03-01,2025-04-01,2025-02-01,2025-03-31,2025-04-30,2025-02-28,9,5,Sat,Saturday,1,60,0,8,249,2025-03-11,2025-06-14,2025-05-01,2029-03-01,2025-03-06
2025-03-02,2025,1,2025-01-01,2025-04-01,2024-10-01,2025-03-31,2025-06-30,2024-12-31,3,Mar,March,Mar-2025,March-2025,2025-03-01,2025-04-01,2025-02-01,2025-03-31,2025-04-30,2025-02-28,9,6,Sun,Sunday,2,61,0,8,248,2025-03-12,2025-06-15,2025-05-02,2029-03-02,2025-03-06
2025-03-03,2025,1,2025-01-01,2025-04-01,2024-10-01,2025-03-31,2025-06-30,2024-12-31,3,Mar,March,Mar-2025,March-2025,2025-03-01,2025-04-01,2025-02-01,2025-03-31,2025-04-30,2025-02-28,10,0,Mon,Monday,3,62,0,8,247,2025-03-13,2025-06-16,2025-05-03,2029-03-03,2025-03-07
2025-03-04,2025,1,2025-01-01,2025-04-01,2024-10-01,2025-03-31,2025-06-30,2024-12-31,3,Mar,March,Mar-2025,March-2025,2025-03-01,2025-04-01,2025-02-01,2025-03-31,2025-04-30,2025-02-28,10,1,Tue,Tuesday,4,63,0,8,246,2025-03-14,2025-06-17,2025-05-04,2029-03-04,2025-03-10
2025-03-05,2025,1,2025-01-01,2025-04-01,2024-10-01,2025-03-31,2025-06-30,2024-12-31,3,Mar,March,Mar-2025,March-2025,2025-03-01,2025-04-01,2025-02-01,2025-03-31,2025-04-30,2025-02-28,10,2,Wed,Wednesday,5,64,0,8,245,2025-03-15,2025-06-18,2025-05-05,2029-03-05,2025-03-11
2025-03-06,2025,1,2025-01-01,2025-04-01,2024-10-01,2025-03-31,2025-06-30,2024-12-31,3,Mar,March,Mar-2025,March-2025,2025-03-01,2025-04-01,2025-02-01,2025-03-31,2025-04-30,2025-02-28,10,3,Thu,Thursday,6,65,0,8,244,2025-03-16,2025-06-19,2025-05-06,2029-03-06,2025-03-12
2025-03-07,2025,1,2025-01-01,2025-04-01,2024-10-01,2025-03-31,2025-06-30,2024-12-31,3,Mar,March,Mar-2025,March-2025,2025-03-01,2025-04-01,2025-02-01,2025-03-31,2025-04-30,2025-02-28,10,4,Fri,Friday,7,66,0,8,243,2025-03-17,2025-06-20,2025-05-07,2029-03-07,2025-03-13
2025-03-08,2025,1,2025-01-01,2025-04-01,2024-10-01,2025-03-31,2025-06-30,2024-12-31,3,Mar,March,Mar-2025,March-2025,2025-03-01,2025-04-01,2025-02-01,2025-03-31,2025-04-30,2025-02-28,10,5,Sat,Saturday,8,67,0,8,242,2025-03-18,2025-06-21,2025-05-08,2029-03-08,2025-03-13
2025-03-09,2025,1,2025-01-01,2025-04-01,2024-10-01,2025-03-31,2025-06-30,2024-12-31,3,Mar,March,Mar-2025,March-2025,2025-03-01,2025-04-01,2025-02-01,2025-03-31,2025-04-30,2025-02-28,10,6,Sun,Sunday,9,68,0,8,241,2025-03-19,2025-06-22,2025-05-09,2029-03-09,2025-03-13
2025-03-10,2025,1,2025-01-01,2025-04-01,2024-10-01,2025-03-31,2025-06-30,2024-12-31,3,Mar,March,Mar-2025,March-2025,2025-03-01,2025-04-01,2025-02-01,2025-03-31,2025-04-30,2025-02-28,11,0,Mon,Monday,10,69,0,8,240,2025-03-20,2025-06-23,2025-05-10,2029-03-10,2025-03-14
2025-03-11,2025,1,2025-01-01,2025-04-01,2024-10-01,2025-03-31,2025-06-30,2024-12-31,3,Mar,March,Mar-2025,March-2025,2025-03-01,2025-04-01,2025-02-01,2025-03-31,2025-04-30,2025-02-28,11,1,Tue,Tuesday,11,70,0,7,239,2025-03-21,2025-06-24,2025-05-11,2029-03-11,2025-03-17
2025-03-12,2025,1,2025-01-01,2025-04-01,2024-10-01,2025-03-31,2025-06-30,2024-12-31,3,Mar,March,Mar-2025,March-2025,2025-03-01,2025-04-01,2025-02-01,2025-03-31,2025-04-30,2025-02-28,11,2,Wed,Wednesday,12,71,0,7,238,2025-03-22,2025-06-25,2025-05-12,2029-03-12,2025-03-18
2025-03-13,2025,1,2025-01-01,2025-04-01,2024-10-01,2025-03-31,2025-06-30,2024-12-31,3,Mar,March,Mar-2025,March-2025,2025-03-01,2025-04-01,2025-02-01,2025-03-31,2025-04-30,2025-02-28,11,3,Thu,Thursday,13,72,0,7,237,2025-03-23,2025-06-26,2025-05-13,2029-03-13,2025-03-19
2025-03-14,2025,1,2025-01-01,2025-04-01,2024-10-01,2025-03-31,2025-06-30,2024-12-31,3,Mar,March,Mar-2025,March-2025,2025-03-01,2025-04-01,2025-02-01,2025-03-31,2025-04-30,2025-02-28,11,4,Fri,Friday,14,73,0,7,236,2025-03-24,2025-06-27,2025-05-14,2029-03-14,2025-03-20
2025-03-15,2025,1,2025-01-01,2025-04-01,2024-10-01,2025-03-31,2025-06-30,2024-12-31,3,Mar,March,Mar-2025,March-2025,2025-03-01,2025-04-01,2025-02-01,2025-03-31,2025-04-30,2025-02-28,11,5,Sat,Saturday,15,74,0,7,235,2025-03-25,2025-06-28,2025-05-15,2029-03-15,2025-03-20
2025-03-16,2025,1,2025-01-01,2025-04-01,2024-10-01,2025-03-31,2025-06-30,2024-12-31,3,Mar,March,Mar-2025,March-2025,2025-03-01,2025-04-01,2025-02-01,2025-03-31,2025-04-30,2025-02-28,11,6,Sun,Sunday,16,75,0,7,234,2025-03-26,2025-06-29,2025-05-16,2029-03-16,2025-03-20
2025-03-17,2025,1,2025-01-01,2025-04-01,2024-10-01,2025-03-31,2025-06-30,2024-12-31,3,Mar,March,Mar-2025,March-2025,2025-03-01,2025-04-01,2025-02-01,2025-03-31,2025-04-30,2025-02-28,12,0,Mon,Monday,17,76,0,7,233,2025-03-27,2025-06-30,2025-05-17,2029-03-17,2025-03-21
2025-03-18,2025,1,2025-01-01,2025-04-01,2024-10-01,2025-03-31,2025-06-30,2024-12-31,3,Mar,March,Mar-2025,March-2025,2025-03-01,2025-04-01,2025-02-01,2025-03-31,2025-04-30,2025-02-28,12,1,Tue,Tuesday,18,77,0,7,232,2025-03-28,2025-07-01,2025-05-18,2029-03-18,2025-03-24
2025-03-19,2025,1,2025-01-01,2025-04-01,2024-10-01,2025-03-31,2025-06-30,2024-12-31,3,Mar,March,Mar-2025,March-2025,2025-03-01,2025-04-01,2025-02-01,2025-03-31,2025-04-30,2025-02-28,12,2,Wed,Wednesday,19,78,0,7,231,2025-03-29,2025-07-02,2025-05-19,2029-03-19,2025-03-25
2025-03-20,2025,1,2025-01-01,2025-04-01,2024-10-01,2025-03-31,2025-06-30,2024-12-31,3,Mar,March,Mar-2025,March-2025,2025-03-01,2025-04-01,2025-02-01,2025-03-31,2025-04-30,2025-02-28,12,3,Thu,Thursday,20,79,0,7,230,2025-03-30,2025-07-03,2025-05-20,2029-03-20,2025-03-26
2025-03-21,2025,1,2025-01-01,2025-04-01,2024-10-01,2025-03-31,2025-06-30,2024-12-31,3,Mar,March,Mar-2025,March-2025,2025-03-01,2025-04-01,2025-02-01,2025-03-31,2025-04-30,2025-02-28,12,4,Fri,Friday,21,80,0,7,229,2025-03-31,2025-07-04,2025-05-21,2029-03-21,2025-03-27
2025-03-22,2025,1,2025-01-01,2025-04-01,2024-10-01,2025-03-31,2025-06-30,2024-12-31,3,Mar,March,Mar-2025,March-2025,2025-03-01,2025-04-01,2025-02-01,2025-03-31,2025-04-30,2025-02-28,12,5,Sat,Saturday,22,81,0,7,228,2025-04-01,2025-07-05,2025-05-22,2029-03-22,2025-03-27
2025-03-23,2025,1,2025-01-01,2025-04-01,2024-10-01,2025-03-31,2025-06-30,2024-12-31,3,Mar,March,Mar-2025,March-2025,2025-03-01,2025-04-01,2025-02-01,2025-03-31,2025-04-30,2025-02-28,12,6,Sun,Sunday,23,82,0,7,227,2025-04-02,2025-07-06,2025-05-23,2029-03-23,2025-03-27
2025-03-24,2025,1,2025-01-01,2025-04-01,2024-10-01,2025-03-31,2025-06-30,2024-12-31,3,Mar,March,Mar-2025,March-2025,2025-03-01,2025-04-01,2025-02-01,2025-03-31,2025-04-30,2025-02-28,13,0,Mon,Monday,24,83,0,7,226,2025-04-03,2025-07-07,2025-05-24,2029-03-24,2025-03-28
2025-03-25,2025,1,2025-01-01,2025-04-01,2024-10-01,2025-03-31,2025-06-30,2024-12-31,3,Mar,March,Mar-2025,March-2025,2025-03-01,2025-04-01,2025-02-01,2025-03-31,2025-04-30,2025-02-28,13,1,Tue,Tuesday,25,84,0,7,225,2025-04-04,2025-07-08,2025-05-25,2029-03-25,2025-03-31
2025-03-26,2025,1,2025-01-01,2025-04-01,2024-10-01,2025-03-31,2025-06-30,2024-12-31,3,Mar,March,Mar-2025,March-2025,2025-03-01,2025-04-01,2025-02-01,2025-03-31,2025-04-30,2025-02-28,13,2,Wed,Wednesday,26,85,0,7,224,2025-04-05,2025-07-09,2025-05-26,2029-03-26,2025-04-01
2025-03-27,2025,1,2025-01-01,2025-04-01,2024-10-01,2025-03-31,2025-06-30,2024-12-31,3,Mar,March,Mar-2025,March-2025,2025-03-01,2025-04-01,2025-02-01,2025-03-31,2025-04-30,2025-02-28,13,3,Thu,Thursday,27,86,0,7,223,2025-04-06,2025-07-10,2025-05-27,2029-03-27,2025-04-02
2025-03-28,2025,1,2025-01-01,2025-04-01,2024-10-01,2025-03-31,2025-06-30,2024-12-31,3,Mar,March,Mar-2025,March-2025,2025-03-01,2025-04-01,2025-02-01,2025-03-31,2025-04-30,2025-02-28,13,4,Fri,Friday,28,87,0,7,222,2025-04-07,2025-07-11,2025-05-28,2029-03-28,2025-04-03
2025-03-29,2025,1,2025-01-01,2025-04-01,2024-10-01,2025-03-31,2025-06-30,2024-12-31,3,Mar,March,Mar-2025,March-2025,2025-03-01,2025-04-01,2025-02-01,2025-03-31,2025-04-30,2025-02-28,13,5,Sat,Saturday,29,88,0,7,221,2025-04-08,2025-07-12,2025-05-29,2029-03-29,2025-04-03
2025-03-30,2025,1,2025-01-01,2025-04-01,2024-10-01,2025-03-31,2025-06-30,2024-12-31,3,Mar,March,Mar-2025,March-2025,2025-03-01,2025-04-01,2025-02-01,2025-03-31,2025-04-30,2025-02-28,13,6,Sun,Sunday,30,89,0,7,220,2025-04-09,2025-07-13,2025-05-30,2029-03-30,2025-04-03
2025-03-31,2025,1,2025-01-01,2025-04-01,2024-10-01,2025-03-31,2025-06-30,2024-12-31,3,Mar,March,Mar-2025,March-2025,2025-03-01,2025-04-01,2025-02-01,2025-03-31,2025-04-30,2025-02-28,14,0,Mon,Monday,31,90,0,7,219,2025-04-10,2025-07-14,2025-05-31,2029-03-31,2025-04-04
2025-04-01,2025,2,2025-04-01,2025-07-01,2025-01-01,2025-06-30,2025-09-30,2025-03-31,4,Apr,April,Apr-2025,April-2025,2025-04-01,2025-05-01,2025-03-01,2025-04-30,2025-05-31,2025-03-31,14,1,Tue,Tuesday,1,91,0,7,218,2025-04-11,2025-07-15,2025-06-01,2029-04-01,2025-04-07
2025-04-02,2025,2,2025-04-01,2025-07-01,2025-01-01,2025-06-30,2025-09-30,2025-03-31,4,Apr,April,Apr-2025,April-2025,2025-04-01,2025-05-01,2025-03-01,2025-04-30,2025-05-31,2025-03-31,14,2,Wed,Wednesday,2,92,0,7,217,2025-04-12,2025-07-16,2025-06-02,2029-04-02,2025-04-08
2025-04-03,2025,2,2025-04-01,2025-07-01,2025-01-01,2025-06-30,2025-09-30,2025-03-31,4,Apr,April,Apr-2025,April-2025,2025-04-01,2025-05-01,2025-03-01,2025-04-30,2025-05-31,2025-03-31,14,3,Thu,Thursday,3,93,0,7,216,2025-04-13,2025-07-17,2025-06-03,2029-04-03,2025-04-09
2025-04-04,2025,2,2025-04-01,2025-07-01,2025-01-01,2025-06-30,2025-09-30,2025-03-31,4,Apr,April,Apr-2025,April-2025,2025-04-01,2025-05-01,2025-03-01,2025-04-30,2025-05-31,2025-03-31,14,4,Fri,Friday,4,94,0,7,215,2025-04-14,2025-07-18,2025-06-04,2029-04-04,2025-04-10
2025-04-05,2025,2,2025-04-01,2025-07-01,2025-01-01,2025-06-30,2025-09-30,2025-03-31,4,Apr,April,Apr-2025,April-2025,2025-04-01,2025-05-01,2025-03-01,2025-04-30,2025-05-31,2025-03-31,14,5,Sat,Saturday,5,95,0,7,214,2025-04-15,2025-07-19,2025-06-05,2029-04-05,2025-04-10
2025-04-06,2025,2,2025-04-01,2025-07-01,2025-01-01,2025-06-30,2025-09-30,2025-03-31,4,Apr,April,Apr-2025,April-2025,2025-04-01,2025-05-01,2025-03-01,2025-04-30,2025-05-31,2025-03-31,14,6,Sun,Sunday,6,96,0,7,213,2025-04-16,2025-07-20,2025-06-06,2029-04-06,2025-04-10
2025-04-07,2025,2,2025-04-01,2025-07-01,2025-01-01,2025-06-30,2025-09-30,2025-03-31,4,Apr,April,Apr-2025,April-2025,2025-04-01,2025-05-01,2025-03-01,2025-04-30,2025-05-31,2025-03-31,15,0,Mon,Monday,7,97,0,7,212,2025-04-17,2025-07-21,2025-06-07,2029-04-07,2025-04-11
2025-04-08,2025,2,2025-04-01,2025-07-01,2025-01-01,2025-06-30,2025-09-30,2025-03-31,4,Apr,April,Apr-2025,April-2025,2025-04-01,2025-05-01,2025-03-01,2025-04-30,2025-05-31,2025-03-31,15,1,Tue,Tuesday,8,98,0,7,211,2025-04-18,2025-07-22,2025-06-08,2029-04-08,2025-04-14
2025-04-09,2025,2,2025-04-01,2025-07-01,2025-01-01,2025-06-30,2025-09-30,2025-03-31,4,Apr,April,Apr-2025,April-2025,2025-04-01,2025-05-01,2025-03-01,2025-04-30,2025-05-31,2025-03-31,15,2,Wed,Wednesday,9,99,0,7,210,2025-04-19,2025-07-23,2025-06-09,2029-04-09,2025-04-15
2025-04-10,2025,2,2025-04-01,2025-07-01,2025-01-01,2025-06-30,2025-09-30,2025-03-31,4,Apr,April,Apr-2025,April-2025,2025-04-01,2025-05-01,2025-03-01,2025-04-30,2025-05-31,2025-03-31,15,3,Thu,Thursday,10,100,0,6,209,2025-04-20,2025-07-24,2025-06-10,2029-04-10,2025-04-16
2025-04-11,2025,2,2025-04-01,2025-07-01,2025-01-01,2025-06-30,2025-09-30,2025-03-31,4,Apr,April,Apr-2025,April-2025,2025-04-01,2025-05-01,2025-03-01,2025-04-30,2025-05-31,2025-03-31,15,4,Fri,Friday,11,101,0,6,208,2025-04-21,2025-07-25,2025-06-11,2029-04-11,2025-04-17
2025-04-12,2025,2,2025-04-01,2025-07-01,2025-01-01,2025-06-30,2025-09-30,2025-03-31,4,Apr,April,Apr-2025,April-2025,2025-04-01,2025-05-01,2025-03-01,2025-04-30,2025-05-31,2025-03-31,15,5,Sat,Saturday,12,102,0,6,207,2025-04-22,2025-07-26,2025-06-12,2029-04-12,2025-04-17
2025-04-13,2025,2,2025-04-01,2025-07-01,2025-01-01,2025-06-30,2025-09-30,2025-03-31,4,Apr,April,Apr-2025,April-2025,2025-04-01,2025-05-01,2025-03-01,2025-04-30,2025-05-31,2025-03-31,15,6,Sun,Sunday,13,103,0,6,206,2025-04-23,2025-07-27,2025-06-13,2029-04-13,2025-04-17
2025-04-14,2025,2,2025-04-01,2025-07-01,2025-01-01,2025-06-30,2025-09-30,2025-03-31,4,Apr,April,Apr-2025,April-2025,2025-04-01,2025-05-01,2025-03-01,2025-04-30,2025-05-31,2025-03-31,16,0,Mon,Monday,14,104,0,6,205,2025-04-24,2025-07-28,2025-06-14,2029-04-14,2025-04-18
2025-04-15,2025,2,2025-04-01,2025-07-01,2025-01-01,2025-06-30,2025-09-30,2025-03-31,4,Apr,April,Apr-2025,April-2025,2025-04-01,2025-05-01,2025-03-01,2025-04-30,2025-05-31,2025-03-31,16,1,Tue,Tuesday,15,105,0,6,204,2025-04-25,2025-07-29,2025-06-15,2029-04-15,2025-04-21
2025-04-16,2025,2,2025-04-01,2025-07-01,2025-01-01,2025-06-30,2025-09-30,2025-03-31,4,Apr,April,Apr-2025,April-2025,2025-04-01,2025-05-01,2025-03-01,2025-04-30,2025-05-31,2025-03-31,16,2,Wed,Wednesday,16,106,0,6,203,2025-04-26,2025-07-30,2025-06-16,2029-04-16,2025-04-22
2025-04-17,2025,2,2025-04-01,2025-07-01,2025-01-01,2025-06-30,2025-09-30,2025-03-31,4,Apr,April,Apr-2025,April-2025,2025-04-01,2025-05-01,2025-03-01,2025-04-30,2025-05-31,2025-03-31,16,3,Thu,Thursday,17,107,0,6,202,2025-04-27,2025-07-31,2025-06-17,2029-04-17,2025-04-23
2025-04-18,2025,2,2025-04-01,2025-07-01,2025-01-01,2025-06-30,2025-09-30,2025-03-31,4,Apr,April,Apr-2025,April-2025,2025-04-01,2025-05-01,2025-03-01,2025-04-30,2025-05-31,2025-03-31,16,4,Fri,Friday,18,108,0,6,201,2025-04-28,2025-08-01,2025-06-18,2029-04-18,2025-04-24
2025-04-19,2025,2,2025-04-01,2025-07-01,2025-01-01,2025-06-30,2025-09-30,2025-03-31,4,Apr,April,Apr-2025,April-2025,2025-04-01,2025-05-01,2025-03-01,2025-04-30,2025-05-31,2025-03-31,16,5,Sat,Saturday,19,109,0,6,200,2025-04-29,2025-08-02,2025-06-19,2029-04-19,2025-04-24
2025-04-20,2025,2,2025-04-01,2025-07-01,2025-01-01,2025-06-30,2025-09-30,2025-03-31,4,Apr,April,Apr-2025,April-2025,2025-04-01,2025-05-01,2025-03-01,2025-04-30,2025-05-31,2025-03-31,16,6,Sun,Sunday,20,110,0,6,199,2025-04-30,2025-08-03,2025-06-20,2029-04-20,2025-04-24
2025-04-21,2025,2,2025-04-01,2025-07-01,2025-01-01,2025-06-30,2025-09-30,2025-03-31,4,Apr,April,Apr-2025,April-2025,2025-04-01,2025-05-01,2025-03-01,2025-04-30,2025-05-31,2025-03-31,17,0,Mon,Monday,21,111,0,6,198,2025-05-01,2025-08-04,2025-06-21,2029-04-21,2025-04-25
2025-04-22,2025,2,2025-04-01,2025-07-01,2025-01-01,2025-06-30,2025-09-30,2025-03-31,4,Apr,April,Apr-2025,April-2025,2025-04-01,2025-05-01,2025-03-01,2025-04-30,2025-05-31,2025-03-31,17,1,Tue,Tuesday,22,112,0,6,197,2025-05-02,2025-08-05,2025-06-22,2029-04-22,2025-04-28
2025-04-23,2025,2,2025-04-01,2025-07-01,2025-01-01,2025-06-30,2025-09-30,2025-03-31,4,Apr,April,Apr-2025,April-2025,2025-04-01,2025-05-01,2025-03-01,2025-04-30,2025-05-31,2025-03-31,17,2,Wed,Wednesday,23,113,0,6,196,2025-05-03,2025-08-06,2025-06-23,2029-04-23,2025-04-29
2025-04-24,2025,2,2025-04-01,2025-07-01,2025-01-01,2025-06-30,2025-09-30,2025-03-31,4,Apr,April,Apr-2025,April-2025,2025-04-01,2025-05-01,2025-03-01,2025-04-30,2025-05-31,2025-03-31,17,3,Thu,Thursday,24,114,0,6,195,2025-05-04,2025-08-07,2025-06-24,2029-04-24,2025-04-30
2025-04-25,2025,2,2025-04-01,2025-07-01,2025-01-01,2025-06-30,2025-09-30,2025-03-31,4,Apr,April,Apr-2025,April-2025,2025-04-01,2025-05-01,2025-03-01,2025-04-30,2025-05-31,2025-03-31,17,4,Fri,Friday,25,115,0,6,194,2025-05-05,2025-08-08,2025-06-25,2029-04-25,2025-05-01
2025-04-26,2025,2,2025-04-01,2025-07-01,2025-01-01,2025-06-30,2025-09-30,2025-03-31,4,Apr,April,Apr-2025,April-2025,2025-04-01,2025-05-01,2025-03-01,2025-04-30,2025-05-31,2025-03-31,17,5,Sat,Saturday,26,116,0,6,193,2025-05-06,2025-08-09,2025-06-26,2029-04-26,2025-05-01
2025-04-27,2025,2,2025-04-01,2025-07-01,2025-01-01,2025-06-30,2025-09-30,2025-03-31,4,Apr,April,Apr-2025,April-2025,2025-04-01,2025-05-01,2025-03-01,2025-04-30,2025-05-31,2025-03-31,17,6,Sun,Sunday,27,117,0,6,192,2025-05-07,2025-08-10,2025-06-27,2029-04-27,2025-05-01
2025-04-28,2025,2,2025-04-01,2025-07-01,2025-01-01,2025-06-30,2025-09-30,2025-03-31,4,Apr,April,Apr-2025,April-2025,2025-04-01,2025-05-01,2025-03-01,2025-04-30,2025-05-31,2025-03-31,18,0,Mon,Monday,28,118,0,6,191,2025-05-08,2025-08-11,2025-06-28,2029-04-28,2025-05-02
2025-04-29,2025,2,2025-04-01,2025-07-01,2025-01-01,2025-06-30,2025-09-30,2025-03-31,4,Apr,April,Apr-2025,April-2025,2025-04-01,2025-05-01,2025-03-01,2025-04-30,2025-05-31,2025-03-31,18,1,Tue,Tuesday,29,119,0,6,190,2025-05-09,2025-08-12,2025-06-29,2029-04-29,2025-05-05
2025-04-30,2025,2,2025-04-01,2025-07-01,2025-01-01,2025-06-30,2025-09-30,2025-03-31,4,Apr,April,Apr-2025,April-2025,2025-04-01,2025-05-01,2025-03-01,2025-04-30,2025-05-31,2025-03-31,18,2,Wed,Wednesday,30,120,0,6,189,2025-05-10,2025-08-13,2025-06-30,2029-04-30,2025-05-06
2025-05-01,2025,2,2025-04-01,2025-07-01,2025-01-01,2025-06-30,2025-09-30,2025-03-31,5,May,May,May-2025,May-2025,2025-05-01,2025-06-01,2025-04-01,2025-05-31,2025-06-30,2025-04-30,18,3,Thu,Thursday,1,121,0,6,188,2025-05-11,2025-08-14,2025-07-01,2029-05-01,2025-05-07
2025-05-02,2025,2,2025-04-01,2025-07-01,2025-01-01,2025-06-30,2025-09-30,2025-03-31,5,May,May,May-2025,May-2025,2025-05-01,2025-06-01,2025-04-01,2025-05-31,2025-06-30,2025-04-30,18,4,Fri,Friday,2,122,0,6,187,2025-05-12,2025-08-15,2025-07-02,2029-05-02,2025-05-08
2025-05-03,2025,2,2025-04-01,2025-07-01,2025-01-01,2025-06-30,2025-09-30,2025-03-31,5,May,May,May-2025,May-2025,2025-05-01,2025-06-01,2025-04-01,2025-05-31,2025-06-30,2025-04-30,18,5,Sat,Saturday,3,123,0,6,186,2025-05-13,2025-08-16,2025-07-03,2029-05-03,2025-05-08
2025-05-04,2025,2,2025-04-01,2025-07-01,2025-01-01,2025-06-30,2025-09-30,2025-03-31,5,May,May,May-2025,May-2025,2025-05-01,2025-06-01,2025-04-01,2025-05-31,2025-06-30,2025-04-30,18,6,Sun,Sunday,4,124,0,6,185,2025-05-14,2025-08-17,2025-07-04,2029-05-04,2025-05-08
2025-05-05,2025,2,2025-04-01,2025-07-01,2025-01-01,2025-06-30,2025-09-30,2025-03-31,5,May,May,May-2025,May-2025,2025-05-01,2025-06-01,2025-04-01,2025-05-31,2025-06-30,2025-04-30,19,0,Mon,Monday,5,125,0,6,184,2025-05-15,2025-08-18,2025-07-05,2029-05-05,2025-05-09
2025-05-06,2025,2,2025-04-01,2025-07-01,2025-01-01,2025-06-30,2025-09-30,2025-03-31,5,May,May,May-2025,May-2025,2025-05-01,2025-06-01,2025-04-01,2025-05-31,2025-06-30,2025-04-30,19,1,Tue,Tuesday,6,126,0,6,183,2025-05-16,2025-08-19,2025-07-06,2029-05-06,2025-05-12
2025-05-07,2025,2,2025-04-01,2025-07-01,2025-01-01,2025-06-30,2025-09-30,2025-03-31,5,May,May,May-2025,May-2025,2025-05-01,2025-06-01,2025-04-01,2025-05-31,2025-06-30,2025-04-30,19,2,Wed,Wednesday,7,127,0,6,182,2025-05-17,2025-08-20,2025-07-07,2029-05-07,2025-05-13
2025-05-08,2025,2,2025-04-01,2025-07-01,2025-01-01,2025-06-30,2025-09-30,2025-03-31,5,May,May,May-2025,May-2025,2025-05-01,2025-06-01,2025-04-01,2025-05-31,2025-06-30,2025-04-30,19,3,Thu,Thursday,8,128,0,6,181,2025-05-18,2025-08-21,2025-07-08,2029-05-08,2025-05-14
2025-05-09,2025,2,2025-04-01,2025-07-01,2025-01-01,2025-06-30,2025-09-30,2025-03-31,5,May,May,May-2025,May-2025,2025-05-01,2025-06-01,2025-04-01,2025-05-31,2025-06-30,2025-04-30,19,4,Fri,Friday,9,129,0,6,180,2025-05-19,2025-08-22,2025-07-09,2029-05-09,2025-05-15
2025-05-10,2025,2,2025-04-01,2025-07-01,2025-01-01,2025-06-30,2025-09-30,2025-03-31,5,May,May,May-2025,May-2025,2025-05-01,2025-06-01,2025-04-01,2025-05-31,2025-06-30,2025-04-30,19,5,Sat,Saturday,10,130,0,5,179,2025-05-20,2025-08-23,2025-07-10,2029-05-10,2025-05-15
2025-05-11,2025,2,2025-04-01,2025-07-01,2025-01-01,2025-06-30,2025-09-30,2025-03-31,5,May,May,May-2025,May-2025,2025-05-01,2025-06-01,2025-04-01,2025-05-31,2025-06-30,2025-04-30,19,6,Sun,Sunday,11,131,0,5,178,2025-05-21,2025-08-24,2025-07-11,2029-05-11,2025-05-15
2025-05-12,2025,2,2025-04-01,2025-07-01,2025-01-01,2025-06-30,2025-09-30,2025-03-31,5,May,May,May-2025,May-2025,2025-05-01,2025-06-01,2025-04-01,2025-05-31,2025-06-30,2025-04-30,20,0,Mon,Monday,12,132,0,5,177,2025-05-22,2025-08-25,2025-07-12,2029-05-12,2025-05-16
2025-05-13,2025,2,2025-04-01,2025-07-01,2025-01-01,2025-06-30,2025-09-30,2025-03-31,5,May,May,May-2025,May-2025,2025-05-01,2025-06-01,2025-04-01,2025-05-31,2025-06-30,2025-04-30,20,1,Tue,Tuesday,13,133,0,5,176,2025-05-23,2025-08-26,2025-07-13,2029-05-13,2025-05-19
2025-05-14,2025,2,2025-04-01,2025-07-01,2025-01-01,2025-06-30,2025-09-30,2025-03-31,5,May,May,May-2025,May-2025,2025-05-01,2025-06-01,2025-04-01,2025-05-31,2025-06-30,2025-04-30,20,2,Wed,Wednesday,14,134,0,5,175,2025-05-24,2025-08-27,2025-07-14,2029-05-14,2025-05-20
2025-05-15,2025,2,2025-04-01,2025-07-01,2025-01-01,2025-06-30,2025-09-30,2025-03-31,5,May,May,May-2025,May-2025,2025-05-01,2025-06-01,2025-04-01,2025-05-31,2025-06-30,2025-04-30,20,3,Thu,Thursday,15,135,0,5,174,2025-05-25,2025-08-28,2025-07-15,2029-05-15,2025-05-21
2025-05-16,2025,2,2025-04-01,2025-07-01,2025-01-01,2025-06-30,2025-09-30,2025-03-31,5,May,May,May-2025,May-2025,2025-05-01,2025-06-01,2025-04-01,2025-05-31,2025-06-30,2025-04-30,20,4,Fri,Friday,16,136,0,5,173,2025-05-26,2025-08-29,2025-07-16,2029-05-16,2025-05-22
2025-05-17,2025,2,2025-04-01,2025-07-01,2025-01-01,2025-06-30,2025-09-30,2025-03-31,5,May,May,May-2025,May-2025,2025-05-01,2025-06-01,2025-04-01,2025-05-31,2025-06-30,2025-04-30,20,5,Sat,Saturday,17,137,0,5,172,2025-05-27,2025-08-30,2025-07-17,2029-05-17,2025-05-22
2025-05-18,2025,2,2025-04-01,2025-07-01,2025-01-01,2025-06-30,2025-09-30,2025-03-31,5,May,May,May-2025,May-2025,2025-05-01,2025-06-01,2025-04-01,2025-05-31,2025-06-30,2025-04-30,20,6,Sun,Sunday,18,138,0,5,171,2025-05-28,2025-08-31,2025-07-18,2029-05-18,2025-05-22
2025-05-19,2025,2,2025-04-01,2025-07-01,2025-01-01,2025-06-30,2025-09-30,2025-03-31,5,May,May,May-2025,May-2025,2025-05-01,2025-06-01,2025-04-01,2025-05-31,2025-06-30,2025-04-30,21,0,Mon,Monday,19,139,0,5,170,2025-05-29,2025-09-01,2025-07-19,2029-05-19,2025-05-23
2025-05-20,2025,2,2025-04-01,2025-07-01,2025-01-01,2025-06-30,2025-09-30,2025-03-31,5,May,May,May-2025,May-2025,2025-05-01,2025-06-01,2025-04-01,2025-05-31,2025-06-30,2025-04-30,21,1,Tue,Tuesday,20,140,0,5,169,2025-05-30,2025-09-02,2025-07-20,2029-05-20,2025-05-26
2025-05-21,2025,2,2025-04-01,2025-07-01,2025-01-01,2025-06-30,2025-09-30,2025-03-31,5,May,May,May-2025,May-2025,2025-05-01,2025-06-01,2025-04-01,2025-05-31,2025-06-30,2025-04-30,21,2,Wed,Wednesday,21,141,0,5,168,2025-05-31,2025-09-03,2025-07-21,2029-05-21,2025-05-27
2025-05-22,2025,2,2025-04-01,2025-07-01,2025-01-01,2025-06-30,2025-09-30,2025-03-31,5,May,May,May-2025,May-2025,2025-05-01,2025-06-01,2025-04-01,2025-05-31,2025-06-30,2025-04-30,21,3,Thu,Thursday,22,142,0,5,167,2025-06-01,2025-09-04,2025-07-22,2029-05-22,2025-05-28
2025-05-23,2025,2,2025-04-01,2025-07-01,2025-01-01,2025-06-30,2025-09-30,2025-03-31,5,May,May,May-2025,May-2025,2025-05-01,2025-06-01,2025-04-01,2025-05-31,2025-06-30,2025-04-30,21,4,Fri,Friday,23,143,0,5,166,2025-06-02,2025-09-05,2025-07-23,2029-05-23,2025-05-29
2025-05-24,2025,2,2025-04-01,2025-07-01,2025-01-01,2025-06-30,2025-09-30,2025-03-31,5,May,May,May-2025,May-2025,2025-05-01,2025-06-01,2025-04-01,2025-05-31,2025-06-30,2025-04-30,21,5,Sat,Saturday,24,144,0,5,165,2025-06-03,2025-09-06,2025-07-24,2029-05-24,2025-05-29
2025-05-25,2025,2,2025-04-01,2025-07-01,2025-01-01,2025-06-30,2025-09-30,2025-03-31,5,May,May,May-2025,May-2025,2025-05-01,2025-06-01,2025-04-01,2025-05-31,2025-06-30,2025-04-30,21,6,Sun,Sunday,25,145,0,5,164,2025-06-04,2025-09-07,2025-07-25,2029-05-25,2025-05-29
2025-05-26,2025,2,2025-04-01,2025-07-01,2025-01-01,2025-06-30,2025-09-30,2025-03-31,5,May,May,May-2025,May-2025,2025-05-01,2025-06-01,2025-04-01,2025-05-31,2025-06-30,2025-04-30,22,0,Mon,Monday,26,146,0,5,163,2025-06-05,2025-09-08,2025-07-26,2029-05-26,2025-05-30
2025-05-27,2025,2,2025-04-01,2025-07-01,2025-01-01,2025-06-30,2025-09-30,2025-03-31,5,May,May,May-2025,May-2025,2025-05-01,2025-06-01,2025-04-01,2025-05-31,2025-06-30,2025-04-30,22,1,Tue,Tuesday,27,147,0,5,162,2025-06-06,2025-09-09,2025-07-27,2029-05-27,2025-06-02
2025-05-28,2025,2,2025-04-01,2025-07-01,2025-01-01,2025-06-30,2025-09-30,2025-03-31,5,May,May,May-2025,May-2025,2025-05-01,2025-06-01,2025-04-01,2025-05-31,2025-06-30,2025-04-30,22,2,Wed,Wednesday,28,148,0,5,161,2025-06-07,2025-09-10,2025-07-28,2029-05-28,2025-06-03
2025-05-29,2025,2,2025-04-01,2025-07-01,2025-01-01,2025-06-30,2025-09-30,2025-03-31,5,May,May,May-2025,May-2025,2025-05-01,2025-06-01,2025-04-01,2025-05-31,2025-06-30,2025-04-30,22,3,Thu,Thursday,29,149,0,5,160,2025-06-08,2025-09-11,2025-07-29,2029-05-29,2025-06-04
2025-05-30,2025,2,2025-04-01,2025-07-01,2025-01-01,2025-06-30,2025-09-30,2025-03-31,5,May,May,May-2025,May-2025,2025-05-01,2025-06-01,2025-04-01,2025-05-31,2025-06-30,2025-04-30,22,4,Fri,Friday,30,150,0,5,159,2025-06-09,2025-09-12,2025-07-30,2029-05-30,2025-06-05
2025-05-31,2025,2,2025-04-01,2025-07-01,2025-01-01,2025-06-30,2025-09-30,2025-03-31,5,May,May,May-2025,May-2025,2025-05-01,2025-06-01,2025-04-01,2025-05-31,2025-06-30,2025-04-30,22,5,Sat,Saturday,31,151,0,5,158,2025-06-10,2025-09-13,2025-07-31,2029-05-31,2025-06-05
2025-06-01,2025,2,2025-04-01,2025-07-01,2025-01-01,2025-06-30,2025-09-30,2025-03-31,6,Jun,June,Jun-2025,June-2025,2025-06-01,2025-07-01,2025-05-01,2025-06-30,2025-07-31,2025-05-31,22,6,Sun,Sunday,1,152,0,5,157,2025-06-11,2025-09-14,2025-08-01,2029-06-01,2025-06-05
2025-06-02,2025,2,2025-04-01,2025-07-01,2025-01-01,2025-06-30,2025-09-30,2025-03-31,6,Jun,June,Jun-2025,June-2025,2025-06-01,2025-07-01,2025-05-01,2025-06-30,2025-07-31,2025-05-31,23,0,Mon,Monday,2,153,0,5,156,2025-06-12,2025-09-15,2025-08-02,2029-06-02,2025-06-06
2025-06-03,2025,2,2025-04-01,2025-07-01,2025-01-01,2025-06-30,2025-09-30,2025-03-31,6,Jun,June,Jun-2025,June-2025,2025-06-01,2025-07-01,2025-05-01,2025-06-30,2025-07-31,2025-05-31,23,1,Tue,Tuesday,3,154,0,5,155,2025-06-13,2025-09-16,2025-08-03,2029-06-03,2025-06-09
2025-06-04,2025,2,2025-04-01,2025-07-01,2025-01-01,2025-06-30,2025-09-30,2025-03-31,6,Jun,June,Jun-2025,June-2025,2025-06-01,2025-07-01,2025-05-01,2025-06-30,2025-07-31,2025-05-31,23,2,Wed,Wednesday,4,155,0,5,154,2025-06-14,2025-09-17,2025-08-04,2029-06-04,2025-06-10
2025-06-05,2025,2,2025-04-01,2025-07-01,2025-01-01,2025-06-30,2025-09-30,2025-03-31,6,Jun,June,Jun-2025,June-2025,2025-06-01,2025-07-01,2025-05-01,2025-06-30,2025-07-31,2025-05-31,23,3,Thu,Thursday,5,156,0,5,153,2025-06-15,2025-09-18,2025-08-05,2029-06-05,2025-06-11
2025-06-06,2025,2,2025-04-01,2025-07-01,2025-01-01,2025-06-30,2025-09-30,2025-03-31,6,Jun,June,Jun-2025,June-2025,2025-06-01,2025-07-01,2025-05-01,2025-06-30,2025-07-31,2025-05-31,23,4,Fri,Friday,6,157,0,5,152,2025-06-16,2025-09-19,2025-08-06,2029-06-06,2025-06-12
2025-06-07,2025,2,2025-04-01,2025-07-01,2025-01-01,2025-06-30,2025-09-30,2025-03-31,6,Jun,June,Jun-2025,June-2025,2025-06-01,2025-07-01,2025-05-01,2025-06-30,2025-07-31,2025-05-31,23,5,Sat,Saturday,7,158,0,5,151,2025-06-17,2025-09-20,2025-08-07,2029-06-07,2025-06-12
2025-06-08,2025,2,2025-04-01,2025-07-01,2025-01-01,2025-06-30,2025-09-30,2025-03-31,6,Jun,June,Jun-2025,June-2025,2025-06-01,2025-07-01,2025-05-01,2025-06-30,2025-07-31,2025-05-31,23,6,Sun,Sunday,8,159,0,5,150,2025-06-18,2025-09-21,2025-08-08,2029-06-08,2025-06-12
2025-06-09,2025,2,2025-04-01,2025-07-01,2025-01-01,2025-06-30,2025-09-30,2025-03-31,6,Jun,June,Jun-2025,June-2025,2025-06-01,2025-07-01,2025-05-01,2025-06-30,2025-07-31,2025-05-31,24,0,Mon,Monday,9,160,0,4,149,2025-06-19,2025-09-22,2025-08-09,2029-06-09,2025-06-13
2025-06-10,2025,2,2025-04-01,2025-07-01,2025-01-01,2025-06-30,2025-09-30,2025-03-31,6,Jun,June,Jun-2025,June-2025,2025-06-01,2025-07-01,2025-05-01,2025-06-30,2025-07-31,2025-05-31,24,1,Tue,Tuesday,10,161,0,4,148,2025-06-20,2025-09-23,2025-08-10,2029-06-10,2025-06-16
2025-06-11,2025,2,2025-04-01,2025-07-01,2025-01-01,2025-06-30,2025-09-30,2025-03-31,6,Jun,June,Jun-2025,June-2025,2025-06-01,2025-07-01,2025-05-01,2025-06-30,2025-07-31,2025-05-31,24,2,Wed,Wednesday,11,162,0,4,147,2025-06-21,2025-09-24,2025-08-11,2029-06-11,2025-06-17
2025-06-12,2025,2,2025-04-01,2025-07-01,2025-01-01,2025-06-30,2025-09-30,2025-03-31,6,Jun,June,Jun-2025,June-2025,2025-06-01,2025-07-01,2025-05-01,2025-06-30,2025-07-31,2025-05-31,24,3,Thu,Thursday,12,163,0,4,146,2025-06-22,2025-09-25,2025-08-12,2029-06-12,2025-06-18
2025-06-13,2025,2,2025-04-01,2025-07-01,2025-01-01,2025-06-30,2025-09-30,2025-03-31,6,Jun,June,Jun-2025,June-2025,2025-06-01,2025-07-01,2025-05-01,2025-06-30,2025-07-31,2025-05-31,24,4,Fri,Friday,13,164,0,4,145,2025-06-23,2025-09-26,2025-08-13,2029-06-13,2025-06-19
2025-06-14,2025,2,2025-04-01,2025-07-01,2025-01-01,2025-06-30,2025-09-30,2025-03-31,6,Jun,June,Jun-2025,June-2025,2025-06-01,2025-07-01,2025-05-01,2025-06-30,2025-07-31,2025-05-31,24,5,Sat,Saturday,14,165,0,4,144,2025-06-24,2025-09-27,2025-08-14,2029-06-14,2025-06-19
2025-06-15,2025,2,2025-04-01,2025-07-01,2025-01-01,2025-06-30,2025-09-30,2025-03-31,6,Jun,June,Jun-2025,June-2025,2025-06-01,2025-07-01,2025-05-01,2025-06-30,2025-07-31,2025-05-31,24,6,Sun,Sunday,15,166,0,4,143,2025-06-25,2025-09-28,2025-08-15,2029-06-15,2025-06-19
2025-06-16,2025,2,2025-04-01,2025-07-01,2025-01-01,2025-06-30,2025-09-30,2025-03-31,6,Jun,June,Jun-2025,June-2025,2025-06-01,2025-07-01,2025-05-01,2025-06-30,2025-07-31,2025-05-31,25,0,Mon,Monday,16,167,0,4,142,2025-06-26,2025-09-29,2025-08-16,2029-06-16,2025-06-20
2025-06-17,2025,2,2025-04-01,2025-07-01,2025-01-01,2025-06-30,2025-09-30,2025-03-31,6,Jun,June,Jun-2025,June-2025,2025-06-01,2025-07-01,2025-05-01,2025-06-30,2025-07-31,2025-05-31,25,1,Tue,Tuesday,17,168,0,4,141,2025-06-27,2025-09-30,2025-08-17,2029-06-17,2025-06-23
2025-06-18,2025,2,2025-04-01,2025-07-01,2025-01-01,2025-06-30,2025-09-30,2025-03-31,6,Jun,June,Jun-2025,June-2025,2025-06-01,2025-07-01,2025-05-01,2025-06-30,2025-07-31,2025-05-31,25,2,Wed,Wednesday,18,169,0,4,140,2025-06-28,2025-10-01,2025-08-18,2029-06-18,2025-06-24
2025-06-19,2025,2,2025-04-01,2025-07-01,2025-01-01,2025-06-30,2025-09-30,2025-03-31,6,Jun,June,Jun-2025,June-2025,2025-06-01,2025-07-01,2025-05-01,2025-06-30,2025-07-31,2025-05-31,25,3,Thu,Thursday,19,170,0,4,139,2025-06-29,2025-10-02,2025-08-19,2029-06-19,2025-06-25
2025-06-20,2025,2,2025-04-01,2025-07-01,2025-01-01,2025-06-30,2025-09-30,2025-03-31,6,Jun,June,Jun-2025,June-2025,2025-06-01,2025-07-01,2025-05-01,2025-06-30,2025-07-31,2025-05-31,25,4,Fri,Friday,20,171,0,4,138,2025-06-30,2025-10-03,2025-08-20,2029-06-20,2025-06-26
2025-06-21,2025,2,2025-04-01,2025-07-01,2025-01-01,2025-06-30,2025-09-30,2025-03-31,6,Jun,June,Jun-2025,June-2025,2025-06-01,2025-07-01,2025-05-01,2025-06-30,2025-07-31,2025-05-31,25,5,Sat,Saturday,21,172,0,4,137,2025-07-01,2025-10-04,2025-08-21,2029-06-21,2025-06-26
2025-06-22,2025,2,2025-04-01,2025-07-01,2025-01-01,2025-06-30,2025-09-30,2025-03-31,6,Jun,June,Jun-2025,June-2025,2025-06-01,2025-07-01,2025-05-01,2025-06-30,2025-07-31,2025-05-31,25,6,Sun,Sunday,22,173,0,4,136,2025-07-02,2025-10-05,2025-08-22,2029-06-22,2025-06-26
2025-06-23,2025,2,2025-04-01,2025-07-01,2025-01-01,2025-06-30,2025-09-30,2025-03-31,6,Jun,June,Jun-2025,June-2025,2025-06-01,2025-07-01,2025-05-01,2025-06-30,2025-07-31,2025-05-31,26,0,Mon,Monday,23,174,0,4,135,2025-07-03,2025-10-06,2025-08-23,2029-06-23,2025-06-27
2025-06-24,2025,2,2025-04-01,2025-07-01,2025-01-01,2025-06-30,2025-09-30,2025-03-31,6,Jun,June,Jun-2025,June-2025,2025-06-01,2025-07-01,2025-05-01,2025-06-30,2025-07-31,2025-05-31,26,1,Tue,Tuesday,24,175,0,4,134,2025-07-04,2025-10-07,2025-08-24,2029-06-24,2025-06-30
2025-06-25,2025,2,2025-04-01,2025-07-01,2025-01-01,2025-06-30,2025-09-30,2025-03-31,6,Jun,June,Jun-2025,June-2025,2025-06-01,2025-07-01,2025-05-01,2025-06-30,2025-07-31,2025-05-31,26,2,Wed,Wednesday,25,176,0,4,133,2025-07-05,2025-10-08,2025-08-25,2029-06-25,2025-07-01
2025-06-26,2025,2,2025-04-01,2025-07-01,2025-01-01,2025-06-30,2025-09-30,2025-03-31,6,Jun,June,Jun-2025,June-2025,2025-06-01,2025-07-01,2025-05-01,2025-06-30,2025-07-31,2025-05-31,26,3,Thu,Thursday,26,177,0,4,132,2025-07-06,2025-10-09,2025-08-26,2029-06-26,2025-07-02
2025-06-27,2025,2,2025-04-01,2025-07-01,2025-01-01,2025-06-30,2025-09-30,2025-03-31,6,Jun,June,Jun-2025,June-2025,2025-06-01,2025-07-01,2025-05-01,2025-06-30,2025-07-31,2025-05-31,26,4,Fri,Friday,27,178,0,4,131,2025-07-07,2025-10-10,2025-08-27,2029-06-27,2025-07-03
2025-06-28,2025,2,2025-04-01,2025-07-01,2025-01-01,2025-06-30,2025-09-30,2025-03-31,6,Jun,June,Jun-2025,June-2025,2025-06-01,2025-07-01,2025-05-01,2025-06-30,2025-07-31,2025-05-31,26,5,Sat,Saturday,28,179,0,4,130,2025-07-08,2025-10-11,2025-08-28,2029-06-28,2025-07-03
2025-06-29,2025,2,2025-04-01,2025-07-01,2025-01-01,2025-06-30,2025-09-30,2025-03-31,6,Jun,June,Jun-2025,June-2025,2025-06-01,2025-07-01,2025-05-01,2025-06-30,2025-07-31,2025-05-31,26,6,Sun,Sunday,29,180,0,4,129,2025-07-09,2025-10-12,2025-08-29,2029-06-29,2025-07-03
2025-06-30,2025,2,2025-04-01,2025-07-01,2025-01-01,2025-06-30,2025-09-30,2025-03-31,6,Jun,June,Jun-2025,June-2025,2025-06-01,2025-07-01,2025-05-01,2025-06-30,2025-07-31,2025-05-31,27,0,Mon,Monday,30,181,0,4,128,2025-07-10,2025-10-13,2025-08-30,2029-06-30,2025-07-04
2025-07-01,2025,3,2025-07-01,2025-10-01,2025-04-01,2025-09-30,2025-12-31,2025-06-30,7,Jul,July,Jul-2025,July-2025,2025-07-01,2025-08-01,2025-06-01,2025-07-31,2025-08-31,2025-06-30,27,1,Tue,Tuesday,1,182,0,4,127,2025-07-11,2025-10-14,2025-09-01,2029-07-01,2025-07-07
2025-07-02,2025,3,2025-07-01,2025-10-01,2025-04-01,2025-09-30,2025-12-31,2025-06-30,7,Jul,July,Jul-2025,July-2025,2025-07-01,2025-08-01,2025-06-01,2025-07-31,2025-08-31,2025-06-30,27,2,Wed,Wednesday,2,183,0,4,126,2025-07-12,2025-10-15,2025-09-02,2029-07-02,2025-07-08
2025-07-03,2025,3,2025-07-01,2025-10-01,2025-04-01,2025-09-30,2025-12-31,2025-06-30,7,Jul,July,Jul-2025,July-2025,2025-07-01,2025-08-01,2025-06-01,2025-07-31,2025-08-31,2025-06-30,27,3,Thu,Thursday,3,184,0,4,125,2025-07-13,2025-10-16,2025-09-03,2029-07-03,2025-07-09
2025-07-04,2025,3,2025-07-01,2025-10-01,2025-04-01,2025-09-30,2025-12-31,2025-06-30,7,Jul,July,Jul-2025,July-2025,2025-07-01,2025-08-01,2025-06-01,2025-07-31,2025-08-31,2025-06-30,27,4,Fri,Friday,4,185,0,4,124,2025-07-14,2025-10-17,2025-09-04,2029-07-04,2025-07-10
2025-07-05,2025,3,2025-07-01,2025-10-01,2025-04-01,2025-09-30,2025-12-31,2025-06-30,7,Jul,July,Jul-2025,July-2025,2025-07-01,2025-08-01,2025-06-01,2025-07-31,2025-08-31,2025-06-30,27,5,Sat,Saturday,5,186,0,4,123,2025-07-15,2025-10-18,2025-09-05,2029-07-05,2025-07-10
2025-07-06,2025,3,2025-07-01,2025-10-01,2025-04-01,2025-09-30,2025-12-31,2025-06-30,7,Jul,July,Jul-2025,July-2025,2025-07-01,2025-08-01,2025-06-01,2025-07-31,2025-08-31,2025-06-30,27,6,Sun,Sunday,6,187,0,4,122,2025-07-16,2025-10-19,2025-09-06,2029-07-06,2025-07-10
2025-07-07,2025,3,2025-07-01,2025-10-01,2025-04-01,2025-09-30,2025-12-31,2025-06-30,7,Jul,July,Jul-2025,July-2025,2025-07-01,2025-08-01,2025-06-01,2025-07-31,2025-08-31,2025-06-30,28,0,Mon,Monday,7,188,0,4,121,2025-07-17,2025-10-20,2025-09-07,2029-07-07,2025-07-11
2025-07-08,2025,3,2025-07-01,2025-10-01,2025-04-01,2025-09-30,2025-12-31,2025-06-30,7,Jul,July,Jul-2025,July-2025,2025-07-01,2025-08-01,2025-06-01,2025-07-31,2025-08-31,2025-06-30,28,1,Tue,Tuesday,8,189,0,4,120,2025-07-18,2025-10-21,2025-09-08,2029-07-08,2025-07-14
2025-07-09,2025,3,2025-07-01,2025-10-01,2025-04-01,2025-09-30,2025-12-31,2025-06-30,7,Jul,July,Jul-2025,July-2025,2025-07-01,2025-08-01,2025-06-01,2025-07-31,2025-08-31,2025-06-30,28,2,Wed,Wednesday,9,190,0,3,119,2025-07-19,2025-10-22,2025-09-09,2029-07-09,2025-07-15
2025-07-10,2025,3,2025-07-01,2025-10-01,2025-04-01,2025-09-30,2025-12-31,2025-06-30,7,Jul,July,Jul-2025,July-2025,2025-07-01,2025-08-01,2025-06-01,2025-07-31,2025-08-31,2025-06-30,28,3,Thu,Thursday,10,191,0,3,118,2025-07-20,2025-10-23,2025-09-10,2029-07-10,2025-07-16
2025-07-11,2025,3,2025-07-01,2025-10-01,2025-04-01,2025-09-30,2025-12-31,2025-06-30,7,Jul,July,Jul-2025,July-2025,2025-07-01,2025-08-01,2025-06-01,2025-07-31,2025-08-31,2025-06-30,28,4,Fri,Friday,11,192,0,3,117,2025-07-21,2025-10-24,2025-09-11,2029-07-11,2025-07-17
2025-07-12,2025,3,2025-07-01,2025-10-01,2025-04-01,2025-09-30,2025-12-31,2025-06-30,7,Jul,July,Jul-2025,July-2025,2025-07-01,2025-08-01,2025-06-01,2025-07-31,2025-08-31,2025-06-30,28,5,Sat,Saturday,12,193,0,3,116,2025-07-22,2025-10-25,2025-09-12,2029-07-12,2025-07-17
2025-07-13,2025,3,2025-07-01,2025-10-01,2025-04-01,2025-09-30,2025-12-31,2025-06-30,7,Jul,July,Jul-2025,July-2025,2025-07-01,2025-08-01,2025-06-01,2025-07-31,2025-08-31,2025-06-30,28,6,Sun,Sunday,13,194,0,3,115,2025-07-23,2025-10-26,2025-09-13,2029-07-13,2025-07-17
2025-07-14,2025,3,2025-07-01,2025-10-01,2025-04-01,2025-09-30,2025-12-31,2025-06-30,7,Jul,July,Jul-2025,July-2025,2025-07-01,2025-08-01,2025-06-01,2025-07-31,2025-08-31,2025-06-30,29,0,Mon,Monday,14,195,0,3,114,2025-07-24,2025-10-27,2025-09-14,2029-07-14,2025-07-18
2025-07-15,2025,3,2025-07-01,2025-10-01,2025-04-01,2025-09-30,2025-12-31,2025-06-30,7,Jul,July,Jul-2025,July-2025,2025-07-01,2025-08-01,2025-06-01,2025-07-31,2025-08-31,2025-06-30,29,1,Tue,Tuesday,15,196,0,3,113,2025-07-25,2025-10-28,2025-09-15,2029-07-15,2025-07-21
2025-07-16,2025,3,2025-07-01,2025-10-01,2025-04-01,2025-09-30,2025-12-31,2025-06-30,7,Jul,July,Jul-2025,July-2025,2025-07-01,2025-08-01,2025-06-01,2025-07-31,2025-08-31,2025-06-30,29,2,Wed,Wednesday,16,197,0,3,112,2025-07-26,2025-10-29,2025-09-16,2029-07-16,2025-07-22
2025-07-17,2025,3,2025-07-01,2025-10-01,2025-04-01,2025-09-30,2025-12-31,2025-06-30,7,Jul,July,Jul-2025,July-2025,2025-07-01,2025-08-01,2025-06-01,2025-07-31,2025-08-31,2025-06-30,29,3,Thu,Thursday,17,198,0,3,111,2025-07-27,2025-10-30,2025-09-17,2029-07-17,2025-07-23
2025-07-18,2025,3,2025-07-01,2025-10-01,2025-04-01,2025-09-30,2025-12-31,2025-06-30,7,Jul,July,Jul-2025,July-2025,2025-07-01,2025-08-01,2025-06-01,2025-07-31,2025-08-31,2025-06-30,29,4,Fri,Friday,18,199,0,3,110,2025-07-28,2025-10-31,2025-09-18,2029-07-18,2025-07-24
2025-07-19,2025,3,2025-07-01,2025-10-01,2025-04-01,2025-09-30,2025-12-31,2025-06-30,7,Jul,July,Jul-2025,July-2025,2025-07-01,2025-08-01,2025-06-01,2025-07-31,2025-08-31,2025-06-30,29,5,Sat,Saturday,19,200,0,3,109,2025-07-29,2025-11-01,2025-09-19,2029-07-19,2025-07-24
2025-07-20,2025,3,2025-07-01,2025-10-01,2025-04-01,2025-09-30,2025-12-31,2025-06-30,7,Jul,July,Jul-2025,July-2025,2025-07-01,2025-08-01,2025-06-01,2025-07-31,2025-08-31,2025-06-30,29,6,Sun,Sunday,20,201,0,3,108,2025-07-30,2025-11-02,2025-09-20,2029-07-20,2025-07-24
2025-07-21,2025,3,2025-07-01,2025-10-01,2025-04-01,2025-09-30,2025-12-31,2025-06-30,7,Jul,July,Jul-2025,July-2025,2025-07-01,2025-08-01,2025-06-01,2025-07-31,2025-08-31,2025-06-30,30,0,Mon,Monday,21,202,0,3,107,2025-07-31,2025-11-03,2025-09-21,2029-07-21,2025-07-25
2025-07-22,2025,3,2025-07-01,2025-10-01,2025-04-01,2025-09-30,2025-12-31,2025-06-30,7,Jul,July,Jul-2025,July-2025,2025-07-01,2025-08-01,2025-06-01,2025-07-31,2025-08-31,2025-06-30,30,1,Tue,Tuesday,22,203,0,3,106,2025-08-01,2025-11-04,2025-09-22,2029-07-22,2025-07-28
2025-07-23,2025,3,2025-07-01,2025-10-01,2025-04-01,2025-09-30,2025-12-31,2025-06-30,7,Jul,July,Jul-2025,July-2025,2025-07-01,2025-08-01,2025-06-01,2025-07-31,2025-08-31,2025-06-30,30,2,Wed,Wednesday,23,204,0,3,105,2025-08-02,2025-11-05,2025-09-23,2029-07-23,2025-07-29
2025-07-24,2025,3,2025-07-01,2025-10-01,2025-04-01,2025-09-30,2025-12-31,2025-06-30,7,Jul,July,Jul-2025,July-2025,2025-07-01,2025-08-01,2025-06-01,2025-07-31,2025-08-31,2025-06-30,30,3,Thu,Thursday,24,205,0,3,104,2025-08-03,2025-11-06,2025-09-24,2029-07-24,2025-07-30
2025-07-25,2025,3,2025-07-01,2025-10-01,2025-04-01,2025-09-30,2025-12-31,2025-06-30,7,Jul,July,Jul-2025,July-2025,2025-07-01,2025-08-01,2025-06-01,2025-07-31,2025-08-31,2025-06-30,30,4,Fri,Friday,25,206,0,3,103,2025-08-04,2025-11-07,2025-09-25,2029-07-25,2025-07-31
2025-07-26,2025,3,2025-07-01,2025-10-01,2025-04-01,2025-09-30,2025-12-31,2025-06-30,7,Jul,July,Jul-2025,July-2025,2025-07-01,2025-08-01,2025-06-01,2025-07-31,2025-08-31,2025-06-30,30,5,Sat,Saturday,26,207,0,3,102,2025-08-05,2025-11-08,2025-09-26,2029-07-26,2025-07-31
2025-07-27,2025,3,2025-07-01,2025-10-01,2025-04-01,2025-09-30,2025-12-31,2025-06-30,7,Jul,July,Jul-2025,July-2025,2025-07-01,2025-08-01,2025-06-01,2025-07-31,2025-08-31,2025-06-30,30,6,Sun,Sunday,27,208,0,3,101,2025-08-06,2025-11-09,2025-09-27,2029-07-27,2025-07-31
2025-07-28,2025,3,2025-07-01,2025-10-01,2025-04-01,2025-09-30,2025-12-31,2025-06-30,7,Jul,July,Jul-2025,July-2025,2025-07-01,2025-08-01,2025-06-01,2025-07-31,2025-08-31,2025-06-30,31,0,Mon,Monday,28,209,0,3,100,2025-08-07,2025-11-10,2025-09-28,2029-07-28,2025-08-01
2025-07-29,2025,3,2025-07-01,2025-10-01,2025-04-01,2025-09-30,2025-12-31,2025-06-30,7,Jul,July,Jul-2025,July-2025,2025-07-01,2025-08-01,2025-06-01,2025-07-31,2025-08-31,2025-06-30,31,1,Tue,Tuesday,29,210,0,3,99,2025-08-08,2025-11-11,2025-09-29,2029-07-29,2025-08-04
2025-07-30,2025,3,2025-07-01,2025-10-01,2025-04-01,2025-09-30,2025-12-31,2025-06-30,7,Jul,July,Jul-2025,July-2025,2025-07-01,2025-08-01,2025-06-01,2025-07-31,2025-08-31,2025-06-30,31,2,Wed,Wednesday,30,211,0,3,98,2025-08-09,2025-11-12,2025-09-30,2029-07-30,2025-08-05
2025-07-31,2025,3,2025-07-01,2025-10-01,2025-04-01,2025-09-30,2025-12-31,2025-06-30,7,Jul,July,Jul-2025,July-2025,2025-07-01,2025-08-01,2025-06-01,2025-07-31,2025-08-31,2025-06-30,31,3,Thu,Thursday,31,212,0,3,97,2025-08-10,2025-11-13,2025-09-30,2029-07-31,2025-08-06
2025-08-01,2025,3,2025-07-01,2025-10-01,2025-04-01,2025-09-30,2025-12-31,2025-06-30,8,Aug,August,Aug-2025,August-2025,2025-08-01,2025-09-01,2025-07-01,2025-08-31,2025-09-30,2025-07-31,31,4,Fri,Friday,1,213,0,3,96,2025-08-11,2025-11-14,2025-10-01,2029-08-01,2025-08-07
2025-08-02,2025,3,2025-07-01,2025-10-01,2025-04-01,2025-09-30,2025-12-31,2025-06-30,8,Aug,August,Aug-2025,August-2025,2025-08-01,2025-09-01,2025-07-01,2025-08-31,2025-09-30,2025-07-31,31,5,Sat,Saturday,2,214,0,3,95,2025-08-12,2025-11-15,2025-10-02,2029-08-02,2025-08-07
2025-08-03,2025,3,2025-07-01,2025-10-01,2025-04-01,2025-09-30,2025-12-31,2025-06-30,8,Aug,August,Aug-2025,August-2025,2025-08-01,2025-09-01,2025-07-01,2025-08-31,2025-09-30,2025-07-31,31,6,Sun,Sunday,3,215,0,3,94,2025-08-13,2025-11-16,2025-10-03,2029-08-03,2025-08-07
2025-08-04,2025,3,2025-07-01,2025-10-01,2025-04-01,2025-09-30,2025-12-31,2025-06-30,8,Aug,August,Aug-2025,August-2025,2025-08-01,2025-09-01,2025-07-01,2025-08-31,2025-09-30,2025-07-31,32,0,Mon,Monday,4,216,0,3,93,2025-08-14,2025-11-17,2025-10-04,2029-08-04,2025-08-08
2025-08-05,2025,3,2025-07-01,2025-10-01,2025-04-01,2025-09-30,2025-12-31,2025-06-30,8,Aug,August,Aug-2025,August-2025,2025-08-01,2025-09-01,2025-07-01,2025-08-31,2025-09-30,2025-07-31,32,1,Tue,Tuesday,5,217,0,3,92,2025-08-15,2025-11-18,2025-10-05,2029-08-05,2025-08-11
2025-08-06,2025,3,2025-07-01,2025-10-01,2025-04-01,2025-09-30,2025-12-31,2025-06-30,8,Aug,August,Aug-2025,August-2025,2025-08-01,2025-09-01,2025-07-01,2025-08-31,2025-09-30,2025-07-31,32,2,Wed,Wednesday,6,218,0,3,91,2025-08-16,2025-11-19,2025-10-06,2029-08-06,2025-08-12
2025-08-07,2025,3,2025-07-01,2025-10-01,2025-04-01,2025-09-30,2025-12-31,2025-06-30,8,Aug,August,Aug-2025,August-2025,2025-08-01,2025-09-01,2025-07-01,2025-08-31,2025-09-30,2025-07-31,32,3,Thu,Thursday,7,219,0,3,90,2025-08-17,2025-11-20,2025-10-07,2029-08-07,2025-08-13
2025-08-08,2025,3,2025-07-01,2025-10-01,2025-04-01,2025-09-30,2025-12-31,2025-06-30,8,Aug,August,Aug-2025,August-2025,2025-08-01,2025-09-01,2025-07-01,2025-08-31,2025-09-30,2025-07-31,32,4,Fri,Friday,8,220,0,2,89,2025-08-18,2025-11-21,2025-10-08,2029-08-08,2025-08-14
2025-08-09,2025,3,2025-07-01,2025-10-01,2025-04-01,2025-09-30,2025-12-31,2025-06-30,8,Aug,August,Aug-2025,August-2025,2025-08-01,2025-09-01,2025-07-01,2025-08-31,2025-09-30,2025-07-31,32,5,Sat,Saturday,9,221,0,2,88,2025-08-19,2025-11-22,2025-10-09,2029-08-09,2025-08-14
2025-08-10,2025,3,2025-07-01,2025-10-01,2025-04-01,2025-09-30,2025-12-31,2025-06-30,8,Aug,August,Aug-2025,August-2025,2025-08-01,2025-09-01,2025-07-01,2025-08-31,2025-09-30,2025-07-31,32,6,Sun,Sunday,10,222,0,2,87,2025-08-20,2025-11-23,2025-10-10,2029-08-10,2025-08-14
2025-08-11,2025,3,2025-07-01,2025-10-01,2025-04-01,2025-09-30,2025-12-31,2025-06-30,8,Aug,August,Aug-2025,August-2025,2025-08-01,2025-09-01,2025-07-01,2025-08-31,2025-09-30,2025-07-31,33,0,Mon,Monday,11,223,0,2,86,2025-08-21,2025-11-24,2025-10-11,2029-08-11,2025-08-15
2025-08-12,2025,3,2025-07-01,2025-10-01,2025-04-01,2025-09-30,2025-12-31,2025-06-30,8,Aug,August,Aug-2025,August-2025,2025-08-01,2025-09-01,2025-07-01,2025-08-31,2025-09-30,2025-07-31,33,1,Tue,Tuesday,12,224,0,2,85,2025-08-22,2025-11-25,2025-10-12,2029-08-12,2025-08-18
2025-08-13,2025,3,2025-07-01,2025-10-01,2025-04-01,2025-09-30,2025-12-31,2025-06-30,8,Aug,August,Aug-2025,August-2025,2025-08-01,2025-09-01,2025-07-01,2025-08-31,2025-09-30,2025-07-31,33,2,Wed,Wednesday,13,225,0,2,84,2025-08-23,2025-11-26,2025-10-13,2029-08-13,2025-08-19
2025-08-14,2025,3,2025-07-01,2025-10-01,2025-04-01,2025-09-30,2025-12-31,2025-06-30,8,Aug,August,Aug-2025,August-2025,2025-08-01,2025-09-01,2025-07-01,2025-08-31,2025-09-30,2025-07-31,33,3,Thu,Thursday,14,226,0,2,83,2025-08-24,2025-11-27,2025-10-14,2029-08-14,2025-08-20
2025-08-15,2025,3,2025-07-01,2025-10-01,2025-04-01,2025-09-30,2025-12-31,2025-06-30,8,Aug,August,Aug-2025,August-2025,2025-08-01,2025-09-01,2025-07-01,2025-08-31,2025-09-30,2025-07-31,33,4,Fri,Friday,15,227,0,2,82,2025-08-25,2025-11-28,2025-10-15,2029-08-15,2025-08-21
2025-08-16,2025,3,2025-07-01,2025-10-01,2025-04-01,2025-09-30,2025-12-31,2025-06-30,8,Aug,August,Aug-2025,August-2025,2025-08-01,2025-09-01,2025-07-01,2025-08-31,2025-09-30,2025-07-31,33,5,Sat,Saturday,16,228,0,2,81,2025-08-26,2025-11-29,2025-10-16,2029-08-16,2025-08-21
2025-08-17,2025,3,2025-07-01,2025-10-01,2025-04-01,2025-09-30,2025-12-31,2025-06-30,8,Aug,August,Aug-2025,August-2025,2025-08-01,2025-09-01,2025-07-01,2025-08-31,2025-09-30,2025-07-31,33,6,Sun,Sunday,17,229,0,2,80,2025-08-27,2025-11-30,2025-10-17,2029-08-17,2025-08-21
2025-08-18,2025,3,2025-07-01,2025-10-01,2025-04-01,2025-09-30,2025-12-31,2025-06-30,8,Aug,August,Aug-2025,August-2025,2025-08-01,2025-09-01,2025-07-01,2025-08-31,2025-09-30,2025-07-31,34,0,Mon,Monday,18,230,0,2,79,2025-08-28,2025-12-01,2025-10-18,2029-08-18,2025-08-22
2025-08-19,2025,3,2025-07-01,2025-10-01,2025-04-01,2025-09-30,2025-12-31,2025-06-30,8,Aug,August,Aug-2025,August-2025,2025-08-01,2025-09-01,2025-07-01,2025-08-31,2025-09-30,2025-07-31,34,1,Tue,Tuesday,19,231,0,2,78,2025-08-29,2025-12-02,2025-10-19,2029-08-19,2025-08-25
2025-08-20,2025,3,2025-07-01,2025-10-01,2025-04-01,2025-09-30,2025-12-31,2025-06-30,8,Aug,August,Aug-2025,August-2025,2025-08-01,2025-09-01,2025-07-01,2025-08-31,2025-09-30,2025-07-31,34,2,Wed,Wednesday,20,232,0,2,77,2025-08-30,2025-12-03,2025-10-20,2029-08-20,2025-08-26
2025-08-21,2025,3,2025-07-01,2025-10-01,2025-04-01,2025-09-30,2025-12-31,2025-06-30,8,Aug,August,Aug-2025,August-2025,2025-08-01,2025-09-01,2025-07-01,2025-08-31,2025-09-30,2025-07-31,34,3,Thu,Thursday,21,233,0,2,76,2025-08-31,2025-12-04,2025-10-21,2029-08-21,2025-08-27
2025-08-22,2025,3,2025-07-01,2025-10-01,2025-04-01,2025-09-30,2025-12-31,2025-06-30,8,Aug,August,Aug-2025,August-2025,2025-08-01,2025-09-01,2025-07-01,2025-08-31,2025-09-30,2025-07-31,34,4,Fri,Friday,22,234,0,2,75,2025-09-01,2025-12-05,2025-10-22,2029-08-22,2025-08-28
2025-08-23,2025,3,2025-07-01,2025-10-01,2025-04-01,2025-09-30,2025-12-31,2025-06-30,8,Aug,August,Aug-2025,August-2025,2025-08-01,2025-09-01,2025-07-01,2025-08-31,2025-09-30,2025-07-31,34,5,Sat,Saturday,23,235,0,2,74,2025-09-02,2025-12-06,2025-10-23,2029-08-23,2025-08-28
2025-08-24,2025,3,2025-07-01,2025-10-01,2025-04-01,2025-09-30,2025-12-31,2025-06-30,8,Aug,August,Aug-2025,August-2025,2025-08-01,2025-09-01,2025-07-01,2025-08-31,2025-09-30,2025-07-31,34,6,Sun,Sunday,24,236,0,2,73,2025-09-03,2025-12-07,2025-10-24,2029-08-24,2025-08-28
2025-08-25,2025,3,2025-07-01,2025-10-01,2025-04-01,2025-09-30,2025-12-31,2025-06-30,8,Aug,August,Aug-2025,August-2025,2025-08-01,2025-09-01,2025-07-01,2025-08-31,2025-09-30,2025-07-31,35,0,Mon,Monday,25,237,0,2,72,2025-09-04,2025-12-08,2025-10-25,2029-08-25,2025-08-29
2025-08-26,2025,3,2025-07-01,2025-10-01,2025-04-01,2025-09-30,2025-12-31,2025-06-30,8,Aug,August,Aug-2025,August-2025,2025-08-01,2025-09-01,2025-07-01,2025-08-31,2025-09-30,2025-07-31,35,1,Tue,Tuesday,26,238,0,2,71,2025-09-05,2025-12-09,2025-10-26,2029-08-26,2025-09-01
2025-08-27,2025,3,2025-07-01,2025-10-01,2025-04-01,2025-09-30,2025-12-31,2025-06-30,8,Aug,August,Aug-2025,August-2025,2025-08-01,2025-09-01,2025-07-01,2025-08-31,2025-09-30,2025-07-31,35,2,Wed,Wednesday,27,239,0,2,70,2025-09-06,2025-12-10,2025-10-27,2029-08-27,2025-09-02
2025-08-28,2025,3,2025-07-01,2025-10-01,2025-04-01,2025-09-30,2025-12-31,2025-06-30,8,Aug,August,Aug-2025,August-2025,2025-08-01,2025-09-01,2025-07-01,2025-08-31,2025-09-30,2025-07-31,35,3,Thu,Thursday,28,240,0,2,69,2025-09-07,2025-12-11,2025-10-28,2029-08-28,2025-09-03
2025-08-29,2025,3,2025-07-01,2025-10-01,2025-04-01,2025-09-30,2025-12-31,2025-06-30,8,Aug,August,Aug-2025,August-2025,2025-08-01,2025-09-01,2025-07-01,2025-08-31,2025-09-30,2025-07-31,35,4,Fri,Friday,29,241,0,2,68,2025-09-08,2025-12-12,2025-10-29,2029-08-29,2025-09-04
2025-08-30,2025,3,2025-07-01,2025-10-01,2025-04-01,2025-09-30,2025-12-31,2025-06-30,8,Aug,August,Aug-2025,August-2025,2025-08-01,2025-09-01,2025-07-01,2025-08-31,2025-09-30,2025-07-31,35,5,Sat,Saturday,30,242,0,2,67,2025-09-09,2025-12-13,2025-10-30,2029-08-30,2025-09-04
2025-08-31,2025,3,2025-07-01,2025-10-01,2025-04-01,2025-09-30,2025-12-31,2025-06-30,8,Aug,August,Aug-2025,August-2025,2025-08-01,2025-09-01,2025-07-01,2025-08-31,2025-09-30,2025-07-31,35,6,Sun,Sunday,31,243,0,2,66,2025-09-10,2025-12-14,2025-10-31,2029-08-31,2025-09-04
2025-09-01,2025,3,2025-07-01,2025-10-01,2025-04-01,2025-09-30,2025-12-31,2025-06-30,9,Sep,September,Sep-2025,September-2025,2025-09-01,2025-10-01,2025-08-01,2025-09-30,2025-10-31,2025-08-31,36,0,Mon,Monday,1,244,0,2,65,2025-09-11,2025-12-15,2025-11-01,2029-09-01,2025-09-05
2025-09-02,2025,3,2025-07-01,2025-10-01,2025-04-01,2025-09-30,2025-12-31,2025-06-30,9,Sep,September,Sep-2025,September-2025,2025-09-01,2025-10-01,2025-08-01,2025-09-30,2025-10-31,2025-08-31,36,1,Tue,Tuesday,2,245,0,2,64,2025-09-12,2025-12-16,2025-11-02,2029-09-02,2025-09-08
2025-09-03,2025,3,2025-07-01,2025-10-01,2025-04-01,2025-09-30,2025-12-31,2025-06-30,9,Sep,September,Sep-2025,September-2025,2025-09-01,2025-10-01,2025-08-01,2025-09-30,2025-10-31,2025-08-31,36,2,Wed,Wednesday,3,246,0,2,63,2025-09-13,2025-12-17,2025-11-03,2029-09-03,2025-09-09
2025-09-04,2025,3,2025-07-01,2025-10-01,2025-04-01,2025-09-30,2025-12-31,2025-06-30,9,Sep,September,Sep-2025,September-2025,2025-09-01,2025-10-01,2025-08-01,2025-09-30,2025-10-31,2025-08-31,36,3,Thu,Thursday,4,247,0,2,62,2025-09-14,2025-12-18,2025-11-04,2029-09-04,2025-09-10
2025-09-05,2025,3,2025-07-01,2025-10-01,2025-04-01,2025-09-30,2025-12-31,2025-06-30,9,Sep,September,Sep-2025,September-2025,2025-09-01,2025-10-01,2025-08-01,2025-09-30,2025-10-31,2025-08-31,36,4,Fri,Friday,5,248,0,2,61,2025-09-15,2025-12-19,2025-11-05,2029-09-05,2025-09-11
2025-09-06,2025,3,2025-07-01,2025-10-01,2025-04-01,2025-09-30,2025-12-31,2025-06-30,9,Sep,September,Sep-2025,September-2025,2025-09-01,2025-10-01,2025-08-01,2025-09-30,2025-10-31,2025-08-31,36,5,Sat,Saturday,6,249,0,2,60,2025-09-16,2025-12-20,2025-11-06,2029-09-06,2025-09-11
2025-09-07,2025,3,2025-07-01,2025-10-01,2025-04-01,2025-09-30,2025-12-31,2025-06-30,9,Sep,September,Sep-2025,September-2025,2025-09-01,2025-10-01,2025-08-01,2025-09-30,2025-10-31,2025-08-31,36,6,Sun,Sunday,7,250,0,1,59,2025-09-17,2025-12-21,2025-11-07,2029-09-07,2025-09-11
2025-09-08,2025,3,2025-07-01,2025-10-01,2025-04-01,2025-09-30,2025-12-31,2025-06-30,9,Sep,September,Sep-2025,September-2025,2025-09-01,2025-10-01,2025-08-01,2025-09-30,2025-10-31,2025-08-31,37,0,Mon,Monday,8,251,0,1,58,2025-09-18,2025-12-22,2025-11-08,2029-09-08,2025-09-12
2025-09-09,2025,3,2025-07-01,2025-10-01,2025-04-01,2025-09-30,2025-12-31,2025-06-30,9,Sep,September,Sep-2025,September-2025,2025-09-01,2025-10-01,2025-08-01,2025-09-30,2025-10-31,2025-08-31,37,1,Tue,Tuesday,9,252,0,1,57,2025-09-19,2025-12-23,2025-11-09,2029-09-09,2025-09-15
2025-09-10,2025,3,2025-07-01,2025-10-01,2025-04-01,2025-09-30,2025-12-31,2025-06-30,9,Sep,September,Sep-2025,September-2025,2025-09-01,2025-10-01,2025-08-01,2025-09-30,2025-10-31,2025-08-31,37,2,Wed,Wednesday,10,253,0,1,56,2025-09-20,2025-12-24,2025-11-10,2029-09-10,2025-09-16
2025-09-11,2025,3,2025-07-01,2025-10-01,2025-04-01,2025-09-30,2025-12-31,2025-06-30,9,Sep,September,Sep-2025,September-2025,2025-09-01,2025-10-01,2025-08-01,2025-09-30,2025-10-31,2025-08-31,37,3,Thu,Thursday,11,254,0,1,55,2025-09-21,2025-12-25,2025-11-11,2029-09-11,2025-09-17
2025-09-12,2025,3,2025-07-01,2025-10-01,2025-04-01,2025-09-30,2025-12-31,2025-06-30,9,Sep,September,Sep-2025,September-2025,2025-09-01,2025-10-01,2025-08-01,2025-09-30,2025-10-31,2025-08-31,37,4,Fri,Friday,12,255,0,1,54,2025-09-22,2025-12-26,2025-11-12,2029-09-12,2025-09-18
2025-09-13,2025,3,2025-07-01,2025-10-01,2025-04-01,2025-09-30,2025-12-31,2025-06-30,9,Sep,September,Sep-2025,September-2025,2025-09-01,2025-10-01,2025-08-01,2025-09-30,2025-10-31,2025-08-31,37,5,Sat,Saturday,13,256,0,1,53,2025-09-23,2025-12-27,2025-11-13,2029-09-13,2025-09-18
2025-09-14,2025,3,2025-07-01,2025-10-01,2025-04-01,2025-09-30,2025-12-31,2025-06-30,9,Sep,September,Sep-2025,September-2025,2025-09-01,2025-10-01,2025-08-01,2025-09-30,2025-10-31,2025-08-31,37,6,Sun,Sunday,14,257,0,1,52,2025-09-24,2025-12-28,2025-11-14,2029-09-14,2025-09-18
2025-09-15,2025,3,2025-07-01,2025-10-01,2025-04-01,2025-09-30,2025-12-31,2025-06-30,9,Sep,September,Sep-2025,September-2025,2025-09-01,2025-10-01,2025-08-01,2025-09-30,2025-10-31,2025-08-31,38,0,Mon,Monday,15,258,0,1,51,2025-09-25,2025-12-29,2025-11-15,2029-09-15,2025-09-19
2025-09-16,2025,3,2025-07-01,2025-10-01,2025-04-01,2025-09-30,2025-12-31,2025-06-30,9,Sep,September,Sep-2025,September-2025,2025-09-01,2025-10-01,2025-08-01,2025-09-30,2025-10-31,2025-08-31,38,1,Tue,Tuesday,16,259,0,1,50,2025-09-26,2025-12-30,2025-11-16,2029-09-16,2025-09-22
2025-09-17,2025,3,2025-07-01,2025-10-01,2025-04-01,2025-09-30,2025-12-31,2025-06-30,9,Sep,September,Sep-2025,September-2025,2025-09-01,2025-10-01,2025-08-01,2025-09-30,2025-10-31,2025-08-31,38,2,Wed,Wednesday,17,260,0,1,49,2025-09-27,2025-12-31,2025-11-17,2029-09-17,2025-09-23
2025-09-18,2025,3,2025-07-01,2025-10-01,2025-04-01,2025-09-30,2025-12-31,2025-06-30,9,Sep,September,Sep-2025,September-2025,2025-09-01,2025-10-01,2025-08-01,2025-09-30,2025-10-31,2025-08-31,38,3,Thu,Thursday,18,261,0,1,48,2025-09-28,2026-01-01,2025-11-18,2029-09-18,2025-09-24
2025-09-19,2025,3,2025-07-01,2025-10-01,2025-04-01,2025-09-30,2025-12-31,2025-06-30,9,Sep,September,Sep-2025,September-2025,2025-09-01,2025-10-01,2025-08-01,2025-09-30,2025-10-31,2025-08-31,38,4,Fri,Friday,19,262,0,1,47,2025-09-29,2026-01-02,2025-11-19,2029-09-19,2025-09-25
2025-09-20,2025,3,2025-07-01,2025-10-01,2025-04-01,2025-09-30,2025-12-31,2025-06-30,9,Sep,September,Sep-2025,September-2025,2025-09-01,2025-10-01,2025-08-01,2025-09-30,2025-10-31,2025-08-31,38,5,Sat,Saturday,20,263,0,1,46,2025-09-30,2026-01-03,2025-11-20,2029-09-20,2025-09-25
2025-09-21,2025,3,2025-07-01,2025-10-01,2025-04-01,2025-09-30,2025-12-31,2025-06-30,9,Sep,September,Sep-2025,September-2025,2025-09-01,2025-10-01,2025-08-01,2025-09-30,2025-10-31,2025-08-31,38,6,Sun,Sunday,21,264,0,1,45,2025-10-01,2026-01-04,2025-11-21,2029-09-21,2025-09-25
2025-09-22,2025,3,2025-07-01,2025-10-01,2025-04-01,2025-09-30,2025-12-31,2025-06-30,9,Sep,September,Sep-2025,September-2025,2025-09-01,2025-10-01,2025-08-01,2025-09-30,2025-10-31,2025-08-31,39,0,Mon,Monday,22,265,0,1,44,2025-10-02,2026-01-05,2025-11-22,2029-09-22,2025-09-26
2025-09-23,2025,3,2025-07-01,2025-10-01,2025-04-01,2025-09-30,2025-12-31,2025-06-30,9,Sep,September,Sep-2025,September-2025,2025-09-01,2025-10-01,2025-08-01,2025-09-30,2025-10-31,2025-08-31,39,1,Tue,Tuesday,23,266,0,1,43,2025-10-03,2026-01-06,2025-11-23,2029-09-23,2025-09-29
2025-09-24,2025,3,2025-07-01,2025-10-01,2025-04-01,2025-09-30,2025-12-31,2025-06-30,9,Sep,September,Sep-2025,September-2025,2025-09-01,2025-10-01,2025-08-01,2025-09-30,2025-10-31,2025-08-31,39,2,Wed,Wednesday,24,267,0,1,42,2025-10-04,2026-01-07,2025-11-24,2029-09-24,2025-09-30
2025-09-25,2025,3,2025-07-01,2025-10-01,2025-04-01,2025-09-30,2025-12-31,2025-06-30,9,Sep,September,Sep-2025,September-2025,2025-09-01,2025-10-01,2025-08-01,2025-09-30,2025-10-31,2025-08-31,39,3,Thu,Thursday,25,268,0,1,41,2025-10-05,2026-01-08,2025-11-25,2029-09-25,2025-10-01
2025-09-26,2025,3,2025-07-01,2025-10-01,2025-04-01,2025-09-30,2025-12-31,2025-06-30,9,Sep,September,Sep-2025,September-2025,2025-09-01,2025-10-01,2025-08-01,2025-09-30,2025-10-31,2025-08-31,39,4,Fri,Friday,26,269,0,1,40,2025-10-06,2026-01-09,2025-11-26,2029-09-26,2025-10-02
2025-09-27,2025,3,2025-07-01,2025-10-01,2025-04-01,2025-09-30,2025-12-31,2025-06-30,9,Sep,September,Sep-2025,September-2025,2025-09-01,2025-10-01,2025-08-01,2025-09-30,2025-10-31,2025-08-31,39,5,Sat,Saturday,27,270,0,1,39,2025-10-07,2026-01-10,2025-11-27,2029-09-27,2025-10-02
2025-09-28,2025,3,2025-07-01,2025-10-01,2025-04-01,2025-09-30,2025-12-31,2025-06-30,9,Sep,September,Sep-2025,September-2025,2025-09-01,2025-10-01,2025-08-01,2025-09-30,2025-10-31,2025-08-31,39,6,Sun,Sunday,28,271,0,1,38,2025-10-08,2026-01-11,2025-11-28,2029-09-28,2025-10-02
2025-09-29,2025,3,2025-07-01,2025-10-01,2025-04-01,2025-09-30,2025-12-31,2025-06-30,9,Sep,September,Sep-2025,September-2025,2025-09-01,2025-10-01,2025-08-01,2025-09-30,2025-10-31,2025-08-31,40,0,Mon,Monday,29,272,0,1,37,2025-10-09,2026-01-12,2025-11-29,2029-09-29,2025-10-03
2025-09-30,2025,3,2025-07-01,2025-10-01,2025-04-01,2025-09-30,2025-12-31,2025-06-30,9,Sep,September,Sep-2025,September-2025,2025-09-01,2025-10-01,2025-08-01,2025-09-30,2025-10-31,2025-08-31,40,1,Tue,Tuesday,30,273,0,1,36,2025-10-10,2026-01-13,2025-11-30,2029-09-30,2025-10-06
2025-10-01,2025,4,2025-10-01,2026-01-01,2025-07-01,2025-12-31,2026-03-31,2025-09-30,10,Oct,October,Oct-2025,October-2025,2025-10-01,2025-11-01,2025-09-01,2025-10-31,2025-11-30,2025-09-30,40,2,Wed,Wednesday,1,274,0,1,35,2025-10-11,2026-01-14,2025-12-01,2029-10-01,2025-10-07
2025-10-02,2025,4,2025-10-01,2026-01-01,2025-07-01,2025-12-31,2026-03-31,2025-09-30,10,Oct,October,Oct-2025,October-2025,2025-10-01,2025-11-01,2025-09-01,2025-10-31,2025-11-30,2025-09-30,40,3,Thu,Thursday,2,275,0,1,34,2025-10-12,2026-01-15,2025-12-02,2029-10-02,2025-10-08
2025-10-03,2025,4,2025-10-01,2026-01-01,2025-07-01,2025-12-31,2026-03-31,2025-09-30,10,Oct,October,Oct-2025,October-2025,2025-10-01,2025-11-01,2025-09-01,2025-10-31,2025-11-30,2025-09-30,40,4,Fri,Friday,3,276,0,1,33,2025-10-13,2026-01-16,2025-12-03,2029-10-03,2025-10-09
2025-10-04,2025,4,2025-10-01,2026-01-01,2025-07-01,2025-12-31,2026-03-31,2025-09-30,10,Oct,October,Oct-2025,October-2025,2025-10-01,2025-11-01,2025-09-01,2025-10-31,2025-11-30,2025-09-30,40,5,Sat,Saturday,4,277,0,1,32,2025-10-14,2026-01-17,2025-12-04,2029-10-04,2025-10-09
2025-10-05,2025,4,2025-10-01,2026-01-01,2025-07-01,2025-12-31,2026-03-31,2025-09-30,10,Oct,October,Oct-2025,October-2025,2025-10-01,2025-11-01,2025-09-01,2025-10-31,2025-11-30,2025-09-30,40,6,Sun,Sunday,5,278,0,1,31,2025-10-15,2026-01-18,2025-12-05,2029-10-05,2025-10-09
2025-10-06,2025,4,2025-10-01,2026-01-01,2025-07-01,2025-12-31,2026-03-31,2025-09-30,10,Oct,October,Oct-2025,October-2025,2025-10-01,2025-11-01,2025-09-01,2025-10-31,2025-11-30,2025-09-30,41,0,Mon,Monday,6,279,0,1,30,2025-10-16,2026-01-19,2025-12-06,2029-10-06,2025-10-10
2025-10-07,2025,4,2025-10-01,2026-01-01,2025-07-01,2025-12-31,2026-03-31,2025-09-30,10,Oct,October,Oct-2025,October-2025,2025-10-01,2025-11-01,2025-09-01,2025-10-31,2025-11-30,2025-09-30,41,1,Tue,Tuesday,7,280,0,0,29,2025-10-17,2026-01-20,2025-12-07,2029-10-07,2025-10-13
2025-10-08,2025,4,2025-10-01,2026-01-01,2025-07-01,2025-12-31,2026-03-31,2025-09-30,10,Oct,October,Oct-2025,October-2025,2025-10-01,2025-11-01,2025-09-01,2025-10-31,2025-11-30,2025-09-30,41,2,Wed,Wednesday,8,281,0,0,28,2025-10-18,2026-01-21,2025-12-08,2029-10-08,2025-10-14
2025-10-09,2025,4,2025-10-01,2026-01-01,2025-07-01,2025-12-31,2026-03-31,2025-09-30,10,Oct,October,Oct-2025,October-2025,2025-10-01,2025-11-01,2025-09-01,2025-10-31,2025-11-30,2025-09-30,41,3,Thu,Thursday,9,282,0,0,27,2025-10-19,2026-01-22,2025-12-09,2029-10-09,2025-10-15
2025-10-10,2025,4,2025-10-01,2026-01-01,2025-07-01,2025-12-31,2026-03-31,2025-09-30,10,Oct,October,Oct-2025,October-2025,2025-10-01,2025-11-01,2025-09-01,2025-10-31,2025-11-30,2025-09-30,41,4,Fri,Friday,10,283,0,0,26,2025-10-20,2026-01-23,2025-12-10,2029-10-10,2025-10-16
2025-10-11,2025,4,2025-10-01,2026-01-01,2025-07-01,2025-12-31,2026-03-31,2025-09-30,10,Oct,October,Oct-2025,October-2025,2025-10-01,2025-11-01,2025-09-01,2025-10-31,2025-11-30,2025-09-30,41,5,Sat,Saturday,11,284,0,0,25,2025-10-21,2026-01-24,2025-12-11,2029-10-11,2025-10-16
2025-10-12,2025,4,2025-10-01,2026-01-01,2025-07-01,2025-12-31,2026-03-31,2025-09-30,10,Oct,October,Oct-2025,October-2025,2025-10-01,2025-11-01,2025-09-01,2025-10-31,2025-11-30,2025-09-30,41,6,Sun,Sunday,12,285,0,0,24,2025-10-22,2026-01-25,2025-12-12,2029-10-12,2025-10-16
2025-10-13,2025,4,2025-10-01,2026-01-01,2025-07-01,2025-12-31,2026-03-31,2025-09-30,10,Oct,October,Oct-2025,October-2025,2025-10-01,2025-11-01,2025-09-01,2025-10-31,2025-11-30,2025-09-30,42,0,Mon,Monday,13,286,0,0,23,2025-10-23,2026-01-26,2025-12-13,2029-10-13,2025-10-17
2025-10-14,2025,4,2025-10-01,2026-01-01,2025-07-01,2025-12-31,2026-03-31,2025-09-30,10,Oct,October,Oct-2025,October-2025,2025-10-01,2025-11-01,2025-09-01,2025-10-31,2025-11-30,2025-09-30,42,1,Tue,Tuesday,14,287,0,0,22,2025-10-24,2026-01-27,2025-12-14,2029-10-14,2025-10-20
2025-10-15,2025,4,2025-10-01,2026-01-01,2025-07-01,2025-12-31,2026-03-31,2025-09-30,10,Oct,October,Oct-2025,October-2025,2025-10-01,2025-11-01,2025-09-01,2025-10-31,2025-11-30,2025-09-30,42,2,Wed,Wednesday,15,288,0,0,21,2025-10-25,2026-01-28,2025-12-15,2029-10-15,2025-10-21
2025-10-16,2025,4,2025-10-01,2026-01-01,2025-07-01,2025-12-31,2026-03-31,2025-09-30,10,Oct,October,Oct-2025,October-2025,2025-10-01,2025-11-01,2025-09-01,2025-10-31,2025-11-30,2025-09-30,42,3,Thu,Thursday,16,289,0,0,20,2025-10-26,2026-01-29,2025-12-16,2029-10-16,2025-10-22
2025-10-17,2025,4,2025-10-01,2026-01-01,2025-07-01,2025-12-31,2026-03-31,2025-09-30,10,Oct,October,Oct-2025,October-2025,2025-10-01,2025-11-01,2025-09-01,2025-10-31,2025-11-30,2025-09-30,42,4,Fri,Friday,17,290,0,0,19,2025-10-27,2026-01-30,2025-12-17,2029-10-17,2025-10-23
2025-10-18,2025,4,2025-10-01,2026-01-01,2025-07-01,2025-12-31,2026-03-31,2025-09-30,10,Oct,October,Oct-2025,October-2025,2025-10-01,2025-11-01,2025-09-01,2025-10-31,2025-11-30,2025-09-30,42,5,Sat,Saturday,18,291,0,0,18,2025-10-28,2026-01-31,2025-12-18,2029-10-18,2025-10-23
2025-10-19,2025,4,2025-10-01,2026-01-01,2025-07-01,2025-12-31,2026-03-31,2025-09-30,10,Oct,October,Oct-2025,October-2025,2025-10-01,2025-11-01,2025-09-01,2025-10-31,2025-11-30,2025-09-30,42,6,Sun,Sunday,19,292,0,0,17,2025-10-29,2026-02-01,2025-12-19,2029-10-19,2025-10-23
2025-10-20,2025,4,2025-10-01,2026-01-01,2025-07-01,2025-12-31,2026-03-31,2025-09-30,10,Oct,October,Oct-2025,October-2025,2025-10-01,2025-11-01,2025-09-01,2025-10-31,2025-11-30,2025-09-30,43,0,Mon,Monday,20,293,0,0,16,2025-10-30,2026-02-02,2025-12-20,2029-10-20,2025-10-24
2025-10-21,2025,4,2025-10-01,2026-01-01,2025-07-01,2025-12-31,2026-03-31,2025-09-30,10,Oct,October,Oct-2025,October-2025,2025-10-01,2025-11-01,2025-09-01,2025-10-31,2025-11-30,2025-09-30,43,1,Tue,Tuesday,21,294,0,0,15,2025-10-31,2026-02-03,2025-12-21,2029-10-21,2025-10-27
2025-10-22,2025,4,2025-10-01,2026-01-01,2025-07-01,2025-12-31,2026-03-31,2025-09-30,10,Oct,October,Oct-2025,October-2025,2025-10-01,2025-11-01,2025-09-01,2025-10-31,2025-11-30,2025-09-30,43,2,Wed,Wednesday,22,295,0,0,14,2025-11-01,2026-02-04,2025-12-22,2029-10-22,2025-10-28
2025-10-23,2025,4,2025-10-01,2026-01-01,2025-07-01,2025-12-31,2026-03-31,2025-09-30,10,Oct,October,Oct-2025,October-2025,2025-10-01,2025-11-01,2025-09-01,2025-10-31,2025-11-30,2025-09-30,43,3,Thu,Thursday,23,296,0,0,13,2025-11-02,2026-02-05,2025-12-23,2029-10-23,2025-10-29
2025-10-24,2025,4,2025-10-01,2026-01-01,2025-07-01,2025-12-31,2026-03-31,2025-09-30,10,Oct,October,Oct-2025,October-2025,2025-10-01,2025-11-01,2025-09-01,2025-10-31,2025-11-30,2025-09-30,43,4,Fri,Friday,24,297,0,0,12,2025-11-03,2026-02-06,2025-12-24,2029-10-24,2025-10-30
2025-10-25,2025,4,2025-10-01,2026-01-01,2025-07-01,2025-12-31,2026-03-31,2025-09-30,10,Oct,October,Oct-2025,October-2025,2025-10-01,2025-11-01,2025-09-01,2025-10-31,2025-11-30,2025-09-30,43,5,Sat,Saturday,25,298,0,0,11,2025-11-04,2026-02-07,2025-12-25,2029-10-25,2025-10-30
2025-10-26,2025,4,2025-10-01,2026-01-01,2025-07-01,2025-12-31,2026-03-31,2025-09-30,10,Oct,October,Oct-2025,October-2025,2025-10-01,2025-11-01,2025-09-01,2025-10-31,2025-11-30,2025-09-30,43,6,Sun,Sunday,26,299,0,0,10,2025-11-05,2026-02-08,2025-12-26,2029-10-26,2025-10-30
2025-10-27,2025,4,2025-10-01,2026-01-01,2025-07-01,2025-12-31,2026-03-31,2025-09-30,10,Oct,October,Oct-2025,October-2025,2025-10-01,2025-11-01,2025-09-01,2025-10-31,2025-11-30,2025-09-30,44,0,Mon,Monday,27,300,0,0,9,2025-11-06,2026-02-09,2025-12-27,2029-10-27,2025-10-31
2025-10-28,2025,4,2025-10-01,2026-01-01,2025-07-01,2025-12-31,2026-03-31,2025-09-30,10,Oct,October,Oct-2025,October-2025,2025-10-01,2025-11-01,2025-09-01,2025-10-31,2025-11-30,2025-09-30,44,1,Tue,Tuesday,28,301,0,0,8,2025-11-07,2026-02-10,2025-12-28,2029-10-28,2025-11-03
2025-10-29,2025,4,2025-10-01,2026-01-01,2025-07-01,2025-12-31,2026-03-31,2025-09-30,10,Oct,October,Oct-2025,October-2025,2025-10-01,2025-11-01,2025-09-01,2025-10-31,2025-11-30,2025-09-30,44,2,Wed,Wednesday,29,302,0,0,7,2025-11-08,2026-02-11,2025-12-29,2029-10-29,2025-11-04
2025-10-30,2025,4,2025-10-01,2026-01-01,2025-07-01,2025-12-31,2026-03-31,2025-09-30,10,Oct,October,Oct-2025,October-2025,2025-10-01,2025-11-01,2025-09-01,2025-10-31,2025-11-30,2025-09-30,44,3,Thu,Thursday,30,303,0,0,6,2025-11-09,2026-02-12,2025-12-30,2029-10-30,2025-11-05
2025-10-31,2025,4,2025-10-01,2026-01-01,2025-07-01,2025-12-31,2026-03-31,2025-09-30,10,Oct,October,Oct-2025,October-2025,2025-10-01,2025-11-01,2025-09-01,2025-10-31,2025-11-30,2025-09-30,44,4,Fri,Friday,31,304,0,0,5,2025-11-10,2026-02-13,2025-12-31,2029-10-31,2025-11-06
2025-11-01,2025,4,2025-10-01,2026-01-01,2025-07-01,2025-12-31,2026-03-31,2025-09-30,11,Nov,November,Nov-2025,November-2025,2025-11-01,2025-12-01,2025-10-01,2025-11-30,2025-12-31,2025-10-31,44,5,Sat,Saturday,1,305,0,0,4,2025-11-11,2026-02-14,2026-01-01,2029-11-01,2025-11-06
2025-11-02,2025,4,2025-10-01,2026-01-01,2025-07-01,2025-12-31,2026-03-31,2025-09-30,11,Nov,November,Nov-2025,November-2025,2025-11-01,2025-12-01,2025-10-01,2025-11-30,2025-12-31,2025-10-31,44,6,Sun,Sunday,2,306,0,0,3,2025-11-12,2026-02-15,2026-01-02,2029-11-02,2025-11-06
2025-11-03,2025,4,2025-10-01,2026-01-01,2025-07-01,2025-12-31,2026-03-31,2025-09-30,11,Nov,November,Nov-2025,November-2025,2025-11-01,2025-12-01,2025-10-01,2025-11-30,2025-12-31,2025-10-31,45,0,Mon,Monday,3,307,0,0,2,2025-11-13,2026-02-16,2026-01-03,2029-11-03,2025-11-07
2025-11-04,2025,4,2025-10-01,2026-01-01,2025-07-01,2025-12-31,2026-03-31,2025-09-30,11,Nov,November,Nov-2025,November-2025,2025-11-01,2025-12-01,2025-10-01,2025-11-30,2025-12-31,2025-10-31,45,1,Tue,Tuesday,4,308,0,0,1,2025-11-14,2026-02-17,2026-01-04,2029-11-04,2025-11-10
2025-11-05,2025,4,2025-10-01,2026-01-01,2025-07-01,2025-12-31,2026-03-31,2025-09-30,11,Nov,November,Nov-2025,November-2025,2025-11-01,2025-12-01,2025-10-01,2025-11-30,2025-12-31,2025-10-31,45,2,Wed,Wednesday,5,309,0,0,0,2025-11-15,2026-02-18,2026-01-05,2029-11-05,2025-11-11
2025-11-06,2025,4,2025-10-01,2026-01-01,2025-07-01,2025-12-31,2026-03-31,2025-09-30,11,Nov,November,Nov-2025,November-2025,2025-11-01,2025-12-01,2025-10-01,2025-11-30,2025-12-31,2025-10-31,45,3,Thu,Thursday,6,310,-1,-1,-1,2025-11-16,2026-02-19,2026-01-06,2029-11-06,2025-11-12
2025-11-07,2025,4,2025-10-01,2026-01-01,2025-07-01,2025-12-31,2026-03-31,2025-09-30,11,Nov,November,Nov-2025,November-2025,2025-11-01,2025-12-01,2025-10-01,2025-11-30,2025-12-31,2025-10-31,45,4,Fri,Friday,7,311,-1,-1,-2,2025-11-17,2026-02-20,2026-01-07,2029-11-07,2025-11-13
2025-11-08,2025,4,2025-10-01,2026-01-01,2025-07-01,2025-12-31,2026-03-31,2025-09-30,11,Nov,November,Nov-2025,November-2025,2025-11-01,2025-12-01,2025-10-01,2025-11-30,2025-12-31,2025-10-31,45,5,Sat,Saturday,8,312,-1,-1,-3,2025-11-18,2026-02-21,2026-01-08,2029-11-08,2025-11-13
2025-11-09,2025,4,2025-10-01,2026-01-01,2025-07-01,2025-12-31,2026-03-31,2025-09-30,11,Nov,November,Nov-2025,November-2025,2025-11-01,2025-12-01,2025-10-01,2025-11-30,2025-12-31,2025-10-31,45,6,Sun,Sunday,9,313,-1,-1,-4,2025-11-19,2026-02-22,2026-01-09,2029-11-09,2025-11-13
2025-11-10,2025,4,2025-10-01,2026-01-01,2025-07-01,2025-12-31,2026-03-31,2025-09-30,11,Nov,November,Nov-2025,November-2025,2025-11-01,2025-12-01,2025-10-01,2025-11-30,2025-12-31,2025-10-31,46,0,Mon,Monday,10,314,-1,-1,-5,2025-11-20,2026-02-23,2026-01-10,2029-11-10,2025-11-14
2025-11-11,2025,4,2025-10-01,2026-01-01,2025-07-01,2025-12-31,2026-03-31,2025-09-30,11,Nov,November,Nov-2025,November-2025,2025-11-01,2025-12-01,2025-10-01,2025-11-30,2025-12-31,2025-10-31,46,1,Tue,Tuesday,11,315,-1,-1,-6,2025-11-21,2026-02-24,2026-01-11,2029-11-11,2025-11-17
2025-11-12,2025,4,2025-10-01,2026-01-01,2025-07-01,2025-12-31,2026-03-31,2025-09-30,11,Nov,November,Nov-2025,November-2025,2025-11-01,2025-12-01,2025-10-01,2025-11-30,2025-12-31,2025-10-31,46,2,Wed,Wednesday,12,316,-1,-1,-7,2025-11-22,2026-02-25,2026-01-12,2029-11-12,2025-11-18
2025-11-13,2025,4,2025-10-01,2026-01-01,2025-07-01,2025-12-31,2026-03-31,2025-09-30,11,Nov,November,Nov-2025,November-2025,2025-11-01,2025-12-01,2025-10-01,2025-11-30,2025-12-31,2025-10-31,46,3,Thu,Thursday,13,317,-1,-1,-8,2025-11-23,2026-02-26,2026-01-13,2029-11-13,2025-11-19
2025-11-14,2025,4,2025-10-01,2026-01-01,2025-07-01,2025-12-31,2026-03-31,2025-09-30,11,Nov,November,Nov-2025,November-2025,2025-11-01,2025-12-01,2025-10-01,2025-11-30,2025-12-31,2025-10-31,46,4,Fri,Friday,14,318,-1,-1,-9,2025-11-24,2026-02-27,2026-01-14,2029-11-14,2025-11-20
2025-11-15,2025,4,2025-10-01,2026-01-01,2025-07-01,2025-12-31,2026-03-31,2025-09-30,11,Nov,November,Nov-2025,November-2025,2025-11-01,2025-12-01,2025-10-01,2025-11-30,2025-12-31,2025-10-31,46,5,Sat,Saturday,15,319,-1,-1,-10,2025-11-25,2026-02-28,2026-01-15,2029-11-15,2025-11-20
2025-11-16,2025,4,2025-10-01,2026-01-01,2025-07-01,2025-12-31,2026-03-31,2025-09-30,11,Nov,November,Nov-2025,November-2025,2025-11-01,2025-12-01,2025-10-01,2025-11-30,2025-12-31,2025-10-31,46,6,Sun,Sunday,16,320,-1,-1,-11,2025-11-26,2026-03-01,2026-01-16,2029-11-16,2025-11-20
2025-11-17,2025,4,2025-10-01,2026-01-01,2025-07-01,2025-12-31,2026-03-31,2025-09-30,11,Nov,November,Nov-2025,November-2025,2025-11-01,2025-12-01,2025-10-01,2025-11-30,2025-12-31,2025-10-31,47,0,Mon,Monday,17,321,-1,-1,-12,2025-11-27,2026-03-02,2026-01-17,2029-11-17,2025-11-21
2025-11-18,2025,4,2025-10-01,2026-01-01,2025-07-01,2025-12-31,2026-03-31,2025-09-30,11,Nov,November,Nov-2025,November-2025,2025-11-01,2025-12-01,2025-10-01,2025-11-30,2025-12-31,2025-10-31,47,1,Tue,Tuesday,18,322,-1,-1,-13,2025-11-28,2026-03-03,2026-01-18,2029-11-18,2025-11-24
2025-11-19,2025,4,2025-10-01,2026-01-01,2025-07-01,2025-12-31,2026-03-31,2025-09-30,11,Nov,November,Nov-2025,November-2025,2025-11-01,2025-12-01,2025-10-01,2025-11-30,2025-12-31,2025-10-31,47,2,Wed,Wednesday,19,323,-1,-1,-14,2025-11-29,2026-03-04,2026-01-19,2029-11-19,2025-11-25
2025-11-20,2025,4,2025-10-01,2026-01-01,2025-07-01,2025-12-31,2026-03-31,2025-09-30,11,Nov,November,Nov-2025,November-2025,2025-11-01,2025-12-01,2025-10-01,2025-11-30,2025-12-31,2025-10-31,47,3,Thu,Thursday,20,324,-1,-1,-15,2025-11-30,2026-03-05,2026-01-20,2029-11-20,2025-11-26
2025-11-21,2025,4,2025-10-01,2026-01-01,2025-07-01,2025-12-31,2026-03-31,2025-09-30,11,Nov,November,Nov-2025,November-2025,2025-11-01,2025-12-01,2025-10-01,2025-11-30,2025-12-31,2025-10-31,47,4,Fri,Friday,21,325,-1,-1,-16,2025-12-01,2026-03-06,2026-01-21,2029-11-21,2025-11-27
2025-11-22,2025,4,2025-10-01,2026-01-01,2025-07-01,2025-12-31,2026-03-31,2025-09-30,11,Nov,November,Nov-2025,November-2025,2025-11-01,2025-12-01,2025-10-01,2025-11-30,2025-12-31,2025-10-31,47,5,Sat,Saturday,22,326,-1,-1,-17,2025-12-02,2026-03-07,2026-01-22,2029-11-22,2025-11-27
2025-11-23,2025,4,2025-10-01,2026-01-01,2025-07-01,2025-12-31,2026-03-31,2025-09-30,11,Nov,November,Nov-2025,November-2025,2025-11-01,2025-12-01,2025-10-01,2025-11-30,2025-12-31,2025-10-31,47,6,Sun,Sunday,23,327,-1,-1,-18,2025-12-03,2026-03-08,2026-01-23,2029-11-23,2025-11-27
2025-11-24,2025,4,2025-10-01,2026-01-01,2025-07-01,2025-12-31,2026-03-31,2025-09-30,11,Nov,November,Nov-2025,November-2025,2025-11-01,2025-12-01,2025-10-01,2025-11-30,2025-12-31,2025-10-31,48,0,Mon,Monday,24,328,-1,-1,-19,2025-12-04,2026-03-09,2026-01-24,2029-11-24,2025-11-28
2025-11-25,2025,4,2025-10-01,2026-01-01,2025-07-01,2025-12-31,2026-03-31,2025-09-30,11,Nov,November,Nov-2025,November-2025,2025-11-01,2025-12-01,2025-10-01,2025-11-30,2025-12-31,2025-10-31,48,1,Tue,Tuesday,25,329,-1,-1,-20,2025-12-05,2026-03-10,2026-01-25,2029-11-25,2025-12-01
2025-11-26,2025,4,2025-10-01,2026-01-01,2025-07-01,2025-12-31,2026-03-31,2025-09-30,11,Nov,November,Nov-2025,November-2025,2025-11-01,2025-12-01,2025-10-01,2025-11-30,2025-12-31,2025-10-31,48,2,Wed,Wednesday,26,330,-1,-1,-21,2025-12-06,2026-03-11,2026-01-26,2029-11-26,2025-12-02
2025-11-27,2025,4,2025-10-01,2026-01-01,2025-07-01,2025-12-31,2026-03-31,2025-09-30,11,Nov,November,Nov-2025,November-2025,2025-11-01,2025-12-01,2025-10-01,2025-11-30,2025-12-31,2025-10-31,48,3,Thu,Thursday,27,331,-1,-1,-22,2025-12-07,2026-03-12,2026-01-27,2029-11-27,2025-12-03
2025-11-28,2025,4,2025-10-01,2026-01-01,2025-07-01,2025-12-31,2026-03-31,2025-09-30,11,Nov,November,Nov-2025,November-2025,2025-11-01,2025-12-01,2025-10-01,2025-11-30,2025-12-31,2025-10-31,48,4,Fri,Friday,28,332,-1,-1,-23,2025-12-08,2026-03-13,2026-01-28,2029-11-28,2025-12-04
2025-11-29,2025,4,2025-10-01,2026-01-01,2025-07-01,2025-12-31,2026-03-31,2025-09-30,11,Nov,November,Nov-2025,November-2025,2025-11-01,2025-12-01,2025-10-01,2025-11-30,2025-12-31,2025-10-31,48,5,Sat,Saturday,29,333,-1,-1,-24,2025-12-09,2026-03-14,2026-01-29,2029-11-29,2025-12-04
2025-11-30,2025,4,2025-10-01,2026-01-01,2025-07-01,2025-12-31,2026-03-31,2025-09-30,11,Nov,November,Nov-2025,November-2025,2025-11-01,2025-12-01,2025-10-01,2025-11-30,2025-12-31,2025-10-31,48,6,Sun,Sunday,30,334,-1,-1,-25,2025-12-10,2026-03-15,2026-01-30,2029-11-30,2025-12-04
2025-12-01,2025,4,2025-10-01,2026-01-01,2025-07-01,2025-12-31,2026-03-31,2025-09-30,12,Dec,December,Dec-2025,December-2025,2025-12-01,2026-01-01,2025-11-01,2025-12-31,2026-01-31,2025-11-30,49,0,Mon,Monday,1,335,-1,-1,-26,2025-12-11,2026-03-16,2026-02-01,2029-12-01,2025-12-05
2025-12-02,2025,4,2025-10-01,2026-01-01,2025-07-01,2025-12-31,2026-03-31,2025-09-30,12,Dec,December,Dec-2025,December-2025,2025-12-01,2026-01-01,2025-11-01,2025-12-31,2026-01-31,2025-11-30,49,1,Tue,Tuesday,2,336,-1,-1,-27,2025-12-12,2026-03-17,2026-02-02,2029-12-02,2025-12-08
2025-12-03,2025,4,2025-10-01,2026-01-01,2025-07-01,2025-12-31,2026-03-31,2025-09-30,12,Dec,December,Dec-2025,December-2025,2025-12-01,2026-01-01,2025-11-01,2025-12-31,2026-01-31,2025-11-30,49,2,Wed,Wednesday,3,337,-1,-1,-28,2025-12-13,2026-03-18,2026-02-03,2029-12-03,2025-12-09
2025-12-04,2025,4,2025-10-01,2026-01-01,2025-07-01,2025-12-31,2026-03-31,2025-09-30,12,Dec,December,Dec-2025,December-2025,2025-12-01,2026-01-01,2025-11-01,2025-12-31,2026-01-31,2025-11-30,49,3,Thu,Thursday,4,338,-1,-1,-29,2025-12-14,2026-03-19,2026-02-04,2029-12-04,2025-12-10
2025-12-05,2025,4,2025-10-01,2026-01-01,2025-07-01,2025-12-31,2026-03-31,2025-09-30,12,Dec,December,Dec-2025,December-2025,2025-12-01,2026-01-01,2025-11-01,2025-12-31,2026-01-31,2025-11-30,49,4,Fri,Friday,5,339,-1,-1,-30,2025-12-15,2026-03-20,2026-02-05,2029-12-05,2025-12-11
2025-12-06,2025,4,2025-10-01,2026-01-01,2025-07-01,2025-12-31,2026-03-31,2025-09-30,12,Dec,December,Dec-2025,December-2025,2025-12-01,2026-01-01,2025-11-01,2025-12-31,2026-01-31,2025-11-30,49,5,Sat,Saturday,6,340,-1,-2,-31,2025-12-16,2026-03-21,2026-02-06,2029-12-06,2025-12-11
2025-12-07,2025,4,2025-10-01,2026-01-01,2025-07-01,2025-12-31,2026-03-31,2025-09-30,12,Dec,December,Dec-2025,December-2025,2025-12-01,2026-01-01,2025-11-01,2025-12-31,2026-01-31,2025-11-30,49,6,Sun,Sunday,7,341,-1,-2,-32,2025-12-17,2026-03-22,2026-02-07,2029-12-07,2025-12-11
2025-12-08,2025,4,2025-10-01,2026-01-01,2025-07-01,2025-12-31,2026-03-31,2025-09-30,12,Dec,December,Dec-2025,December-2025,2025-12-01,2026-01-01,2025-11-01,2025-12-31,2026-01-31,2025-11-30,50,0,Mon,Monday,8,342,-1,-2,-33,2025-12-18,2026-03-23,2026-02-08,2029-12-08,2025-12-12
2025-12-09,2025,4,2025-10-01,2026-01-01,2025-07-01,2025-12-31,2026-03-31,2025-09-30,12,Dec,December,Dec-2025,December-2025,2025-12-01,2026-01-01,2025-11-01,2025-12-31,2026-01-31,2025-11-30,50,1,Tue,Tuesday,9,343,-1,-2,-34,2025-12-19,2026-03-24,2026-02-09,2029-12-09,2025-12-15
2025-12-10,2025,4,2025-10-01,2026-01-01,2025-07-01,2025-12-31,2026-03-31,2025-09-30,12,Dec,December,Dec-2025,December-2025,2025-12-01,2026-01-01,2025-11-01,2025-12-31,2026-01-31,2025-11-30,50,2,Wed,Wednesday,10,344,-1,-2,-35,2025-12-20,2026-03-25,2026-02-10,2029-12-10,2025-12-16
2025-12-11,2025,4,2025-10-01,2026-01-01,2025-07-01,2025-12-31,2026-03-31,2025-09-30,12,Dec,December,Dec-2025,December-2025,2025-12-01,2026-01-01,2025-11-01,2025-12-31,2026-01-31,2025-11-30,50,3,Thu,Thursday,11,345,-1,-2,-36,2025-12-21,2026-03-26,2026-02-11,2029-12-11,2025-12-17
2025-12-12,2025,4,2025-10-01,2026-01-01,2025-07-01,2025-12-31,2026-03-31,2025-09-30,12,Dec,December,Dec-2025,December-2025,2025-12-01,2026-01-01,2025-11-01,2025-12-31,2026-01-31,2025-11-30,50,4,Fri,Friday,12,346,-1,-2,-37,2025-12-22,2026-03-27,2026-02-12,2029-12-12,2025-12-18
2025-12-13,2025,4,2025-10-01,2026-01-01,2025-07-01,2025-12-31,2026-03-31,2025-09-30,12,Dec,December,Dec-2025,December-2025,2025-12-01,2026-01-01,2025-11-01,2025-12-31,2026-01-31,2025-11-30,50,5,Sat,Saturday,13,347,-1,-2,-38,2025-12-23,2026-03-28,2026-02-13,2029-12-13,2025-12-18
2025-12-14,2025,4,2025-10-01,2026-01-01,2025-07-01,2025-12-31,2026-03-31,2025-09-30,12,Dec,December,Dec-2025,December-2025,2025-12-01,2026-01-01,2025-11-01,2025-12-31,2026-01-31,2025-11-30,50,6,Sun,Sunday,14,348,-1,-2,-39,2025-12-24,2026-03-29,2026-02-14,2029-12-14,2025-12-18
2025-12-15,2025,4,2025-10-01,2026-01-01,2025-07-01,2025-12-31,2026-03-31,2025-09-30,12,Dec,December,Dec-2025,December-2025,2025-12-01,2026-01-01,2025-11-01,2025-12-31,2026-01-31,2025-11-30,51,0,Mon,Monday,15,349,-1,-2,-40,2025-12-25,2026-03-30,2026-02-15,2029-12-15,2025-12-19
2025-12-16,2025,4,2025-10-01,2026-01-01,2025-07-01,2025-12-31,2026-03-31,2025-09-30,12,Dec,December,Dec-2025,December-2025,2025-12-01,2026-01-01,2025-11-01,2025-12-31,2026-01-31,2025-11-30,51,1,Tue,Tuesday,16,350,-1,-2,-41,2025-12-26,2026-03-31,2026-02-16,2029-12-16,2025-12-22
2025-12-17,2025,4,2025-10-01,2026-01-01,2025-07-01,2025-12-31,2026-03-31,2025-09-30,12,Dec,December,Dec-2025,December-2025,2025-12-01,2026-01-01,2025-11-01,2025-12-31,2026-01-31,2025-11-30,51,2,Wed,Wednesday,17,351,-1,-2,-42,2025-12-27,2026-04-01,2026-02-17,2029-12-17,2025-12-23
2025-12-18,2025,4,2025-10-01,2026-01-01,2025-07-01,2025-12-31,2026-03-31,2025-09-30,12,Dec,December,Dec-2025,December-2025,2025-12-01,2026-01-01,2025-11-01,2025-12-31,2026-01-31,2025-11-30,51,3,Thu,Thursday,18,352,-1,-2,-43,2025-12-28,2026-04-02,2026-02-18,2029-12-18,2025-12-24
2025-12-19,2025,4,2025-10-01,2026-01-01,2025-07-01,2025-12-31,2026-03-31,2025-09-30,12,Dec,December,Dec-2025,December-2025,2025-12-01,2026-01-01,2025-11-01,2025-12-31,2026-01-31,2025-11-30,51,4,Fri,Friday,19,353,-1,-2,-44,2025-12-29,2026-04-03,2026-02-19,2029-12-19,2025-12-25
2025-12-20,2025,4,2025-10-01,2026-01-01,2025-07-01,2025-12-31,2026-03-31,2025-09-30,12,Dec,December,Dec-2025,December-2025,2025-12-01,2026-01-01,2025-11-01,2025-12-31,2026-01-31,2025-11-30,51,5,Sat,Saturday,20,354,-1,-2,-45,2025-12-30,2026-04-04,2026-02-20,2029-12-20,2025-12-25
2025-12-21,2025,4,2025-10-01,2026-01-01,2025-07-01,2025-12-31,2026-03-31,2025-09-30,12,Dec,December,Dec-2025,December-2025,2025-12-01,2026-01-01,2025-11-01,2025-12-31,2026-01-31,2025-11-30,51,6,Sun,Sunday,21,355,-1,-2,-46,2025-12-31,2026-04-05,2026-02-21,2029-12-21,2025-12-25
2025-12-22,2025,4,2025-10-01,2026-01-01,2025-07-01,2025-12-31,2026-03-31,2025-09-30,12,Dec,December,Dec-2025,December-2025,2025-12-01,2026-01-01,2025-11-01,2025-12-31,2026-01-31,2025-11-30,52,0,Mon,Monday,22,356,-1,-2,-47,2026-01-01,2026-04-06,2026-02-22,2029-12-22,2025-12-26
2025-12-23,2025,4,2025-10-01,2026-01-01,2025-07-01,2025-12-31,2026-03-31,2025-09-30,12,Dec,December,Dec-2025,December-2025,2025-12-01,2026-01-01,2025-11-01,2025-12-31,2026-01-31,2025-11-30,52,1,Tue,Tuesday,23,357,-1,-2,-48,2026-01-02,2026-04-07,2026-02-23,2029-12-23,2025-12-29
2025-12-24,2025,4,2025-10-01,2026-01-01,2025-07-01,2025-12-31,2026-03-31,2025-09-30,12,Dec,December,Dec-2025,December-2025,2025-12-01,2026-01-01,2025-11-01,2025-12-31,2026-01-31,2025-11-30,52,2,Wed,Wednesday,24,358,-1,-2,-49,2026-01-03,2026-04-08,2026-02-24,2029-12-24,2025-12-30
2025-12-25,2025,4,2025-10-01,2026-01-01,2025-07-01,2025-12-31,2026-03-31,2025-09-30,12,Dec,December,Dec-2025,December-2025,2025-12-01,2026-01-01,2025-11-01,2025-12-31,2026-01-31,2025-11-30,52,3,Thu,Thursday,25,359,-1,-2,-50,2026-01-04,2026-04-09,2026-02-25,2029-12-25,2025-12-31
2025-12-26,2025,4,2025-10-01,2026-01-01,2025-07-01,2025-12-31,2026-03-31,2025-09-30,12,Dec,December,Dec-2025,December-2025,2025-12-01,2026-01-01,2025-11-01,2025-12-31,2026-01-31,2025-11-30,52,4,Fri,Friday,26,360,-1,-2,-51,2026-01-05,2026-04-10,2026-02-26,2029-12-26,2026-01-01
2025-12-27,2025,4,2025-10-01,2026-01-01,2025-07-01,2025-12-31,2026-03-31,2025-09-30,12,Dec,December,Dec-2025,December-2025,2025-12-01,2026-01-01,2025-11-01,2025-12-31,2026-01-31,2025-11-30,52,5,Sat,Saturday,27,361,-1,-2,-52,2026-01-06,2026-04-11,2026-02-27,2029-12-27,2026-01-01
2025-12-28,2025,4,2025-10-01,2026-01-01,2025-07-01,2025-12-31,2026-03-31,2025-09-30,12,Dec,December,Dec-2025,December-2025,2025-12-01,2026-01-01,2025-11-01,2025-12-31,2026-01-31,2025-11-30,52,6,Sun,Sunday,28,362,-1,-2,-53,2026-01-07,2026-04-12,2026-02-28,2029-12-28,2026-01-01
2025-12-29,2025,4,2025-10-01,2026-01-01,2025-07-01,2025-12-31,2026-03-31,2025-09-30,12,Dec,December,Dec-2025,December-2025,2025-12-01,2026-01-01,2025-11-01,2025-12-31,2026-01-31,2025-11-30,1,0,Mon,Monday,29,363,-1,-2,-54,2026-01-08,2026-04-13,2026-02-28,2029-12-29,2026-01-02
2025-12-30,2025,4,2025-10-01,2026-01-01,2025-07-01,2025-12-31,2026-03-31,2025-09-30,12,Dec,December,Dec-2025,December-2025,2025-12-01,2026-01-01,2025-11-01,2025-12-31,2026-01-31,2025-11-30,1,1,Tue,Tuesday,30,364,-1,-2,-55,2026-01-09,2026-04-14,2026-02-28,2029-12-30,2026-01-05
2025-12-31,2025,4,2025-10-01,2026-01-01,2025-07-01,2025-12-31,2026-03-31,2025-09-30,12,Dec,December,Dec-2025,December-2025,2025-12-01,2026-01-01,2025-11-01,2025-12-31,2026-01-31,2025-11-30,1,2,Wed,Wednesday,31,365,-1,-2,-56,2026-01-10,2026-04-15,2026-02-28,2029-12-31,2026-01-06
